isic_id,split_mst_r1,vit_mst_r1_pred,vit_mst_r1_true_idx,vit_mst_r1_pred_idx,split_mst_r2,vit_mst_r2_pred,vit_mst_r2_true_idx,vit_mst_r2_pred_idx,split_fst,vit_fst_pred,vit_fst_true_idx,vit_fst_pred_idx
ISIC_0077599,train,,,,train,,,,test,FITZPATRICK 3,3.0,2.0
ISIC_0086394,test,MONK 2,1.0,1.0,test,MONK 2,1.0,1.0,train,,,
ISIC_0091914,val,,,,,,,,,,,
ISIC_0092255,train,,,,test,MONK 3,2.0,2.0,train,,,
ISIC_0107551,train,,,,train,,,,train,,,
ISIC_0112733,train,,,,train,,,,val,,,
ISIC_0120448,test,MONK 4,2.0,3.0,,,,,,,,
ISIC_0124027,train,,,,train,,,,train,,,
ISIC_0124392,,,,,,,,,val,,,
ISIC_0128624,train,,,,train,,,,train,,,
ISIC_0131948,val,,,,val,,,,val,,,
ISIC_0139906,train,,,,train,,,,test,FITZPATRICK 1,0.0,0.0
ISIC_0142087,val,,,,train,,,,train,,,
ISIC_0155786,train,,,,train,,,,train,,,
ISIC_0159579,train,,,,train,,,,train,,,
ISIC_0163940,train,,,,test,MONK 3,3.0,2.0,train,,,
ISIC_0174973,,,,,test,MONK 7,7.0,6.0,,,,
ISIC_0176949,train,,,,val,,,,train,,,
ISIC_0183915,train,,,,train,,,,train,,,
ISIC_0192142,train,,,,train,,,,train,,,
ISIC_0199309,test,MONK 6,6.0,5.0,,,,,val,,,
ISIC_0202485,val,,,,,,,,,,,
ISIC_0203660,train,,,,train,,,,train,,,
ISIC_0205999,train,,,,train,,,,test,FITZPATRICK 2,1.0,1.0
ISIC_0209717,test,MONK 6,3.0,5.0,test,MONK 5,3.0,4.0,val,,,
ISIC_0210071,val,,,,train,,,,train,,,
ISIC_0211415,test,MONK 6,3.0,5.0,train,,,,train,,,
ISIC_0229807,,,,,,,,,val,,,
ISIC_0230086,train,,,,train,,,,train,,,
ISIC_0234062,test,MONK 4,2.0,3.0,train,,,,train,,,
ISIC_0240814,test,MONK 2,1.0,1.0,val,,,,train,,,
ISIC_0246318,val,,,,,,,,val,,,
ISIC_0269824,train,,,,train,,,,train,,,
ISIC_0285346,train,,,,train,,,,test,FITZPATRICK 5,3.0,4.0
ISIC_0289605,val,,,,val,,,,train,,,
ISIC_0289643,train,,,,train,,,,train,,,
ISIC_0297557,train,,,,test,MONK 5,5.0,4.0,train,,,
ISIC_0303409,,,,,,,,,val,,,
ISIC_0310422,train,,,,val,,,,train,,,
ISIC_0314359,test,MONK 1,1.0,0.0,test,MONK 1,0.0,0.0,val,,,
ISIC_0325321,test,MONK 2,1.0,1.0,,,,,,,,
ISIC_0342120,train,,,,train,,,,test,FITZPATRICK 6,5.0,5.0
ISIC_0347252,,,,,val,,,,,,,
ISIC_0350995,train,,,,train,,,,train,,,
ISIC_0355353,test,MONK 4,2.0,3.0,train,,,,train,,,
ISIC_0357980,val,,,,,,,,,,,
ISIC_0366467,train,,,,train,,,,val,,,
ISIC_0376652,train,,,,train,,,,train,,,
ISIC_0379298,train,,,,train,,,,train,,,
ISIC_0382759,,,,,,,,,val,,,
ISIC_0388519,train,,,,train,,,,train,,,
ISIC_0394688,train,,,,train,,,,train,,,
ISIC_0402088,train,,,,test,MONK 1,0.0,0.0,val,,,
ISIC_0403056,val,,,,val,,,,train,,,
ISIC_0413598,,,,,test,MONK 2,1.0,1.0,test,FITZPATRICK 2,1.0,1.0
ISIC_0420766,train,,,,train,,,,train,,,
ISIC_0423360,test,MONK 7,6.0,6.0,val,,,,,,,
ISIC_0433371,train,,,,val,,,,train,,,
ISIC_0436596,,,,,,,,,val,,,
ISIC_0438429,train,,,,train,,,,train,,,
ISIC_0451949,test,MONK 5,3.0,4.0,,,,,,,,
ISIC_0453473,,,,,,,,,val,,,
ISIC_0468043,train,,,,train,,,,val,,,
ISIC_0483744,train,,,,test,MONK 2,2.0,1.0,test,FITZPATRICK 2,3.0,1.0
ISIC_0486839,train,,,,val,,,,train,,,
ISIC_0500673,,,,,,,,,test,FITZPATRICK 6,5.0,5.0
ISIC_0507518,,,,,test,MONK 7,4.0,6.0,,,,
ISIC_0525423,train,,,,val,,,,train,,,
ISIC_0531530,train,,,,train,,,,test,FITZPATRICK 6,4.0,5.0
ISIC_0546662,test,MONK 8,6.0,7.0,test,MONK 9,7.0,8.0,,,,
ISIC_0549630,train,,,,train,,,,train,,,
ISIC_0556215,,,,,,,,,val,,,
ISIC_0566320,test,MONK 7,4.0,6.0,,,,,,,,
ISIC_0572990,val,,,,train,,,,train,,,
ISIC_0594018,train,,,,train,,,,train,,,
ISIC_0611140,,,,,val,,,,,,,
ISIC_0611565,train,,,,val,,,,test,FITZPATRICK 3,1.0,2.0
ISIC_0615020,val,,,,,,,,,,,
ISIC_0620680,train,,,,train,,,,train,,,
ISIC_0621204,train,,,,test,MONK 7,5.0,6.0,train,,,
ISIC_0622184,test,MONK 4,3.0,3.0,train,,,,train,,,
ISIC_0628550,train,,,,train,,,,train,,,
ISIC_0642608,train,,,,train,,,,train,,,
ISIC_0649014,train,,,,train,,,,test,FITZPATRICK 2,0.0,1.0
ISIC_0661682,val,,,,val,,,,test,FITZPATRICK 2,0.0,1.0
ISIC_0665078,train,,,,train,,,,train,,,
ISIC_0669804,train,,,,train,,,,train,,,
ISIC_0680155,,,,,test,MONK 5,4.0,4.0,,,,
ISIC_0684820,,,,,,,,,test,FITZPATRICK 6,4.0,5.0
ISIC_0694295,train,,,,train,,,,train,,,
ISIC_0700088,val,,,,test,MONK 7,6.0,6.0,val,,,
ISIC_0712827,train,,,,train,,,,train,,,
ISIC_0716771,train,,,,test,MONK 7,7.0,6.0,train,,,
ISIC_0719614,val,,,,test,MONK 5,3.0,4.0,train,,,
ISIC_0728816,train,,,,train,,,,train,,,
ISIC_0731757,train,,,,train,,,,train,,,
ISIC_0732493,test,MONK 2,3.0,1.0,,,,,,,,
ISIC_0739798,val,,,,,,,,test,FITZPATRICK 6,4.0,5.0
ISIC_0764770,val,,,,,,,,,,,
ISIC_0771602,,,,,test,MONK 6,5.0,5.0,,,,
ISIC_0775486,test,MONK 9,6.0,8.0,val,,,,train,,,
ISIC_0783640,train,,,,train,,,,train,,,
ISIC_0790516,val,,,,test,MONK 4,2.0,3.0,train,,,
ISIC_0797171,train,,,,train,,,,train,,,
ISIC_0797411,,,,,val,,,,,,,
ISIC_0804292,test,MONK 1,0.0,0.0,train,,,,test,FITZPATRICK 2,0.0,1.0
ISIC_0805804,val,,,,val,,,,test,FITZPATRICK 6,5.0,5.0
ISIC_0809059,train,,,,test,MONK 2,0.0,1.0,train,,,
ISIC_0812350,,,,,,,,,val,,,
ISIC_0831865,test,MONK 9,8.0,8.0,train,,,,train,,,
ISIC_0832526,val,,,,train,,,,val,,,
ISIC_0837805,test,MONK 1,0.0,0.0,train,,,,train,,,
ISIC_0861216,train,,,,train,,,,test,FITZPATRICK 2,1.0,1.0
ISIC_0871215,test,MONK 2,0.0,1.0,val,,,,train,,,
ISIC_0875944,train,,,,train,,,,train,,,
ISIC_0876888,train,,,,train,,,,val,,,
ISIC_0925686,,,,,,,,,val,,,
ISIC_0936321,train,,,,train,,,,train,,,
ISIC_0946557,train,,,,train,,,,train,,,
ISIC_0948330,test,MONK 3,3.0,2.0,train,,,,test,FITZPATRICK 3,3.0,2.0
ISIC_0955520,test,MONK 2,0.0,1.0,val,,,,val,,,
ISIC_0961245,,,,,,,,,val,,,
ISIC_0964467,,,,,val,,,,,,,
ISIC_0969795,train,,,,test,MONK 5,4.0,4.0,train,,,
ISIC_0978901,test,MONK 6,6.0,5.0,,,,,,,,
ISIC_0979630,train,,,,train,,,,train,,,
ISIC_0982166,,,,,test,MONK 7,5.0,6.0,,,,
ISIC_0988480,train,,,,train,,,,train,,,
ISIC_1001797,val,,,,,,,,,,,
ISIC_1001980,test,MONK 5,4.0,4.0,,,,,test,FITZPATRICK 6,4.0,5.0
ISIC_1008551,train,,,,val,,,,train,,,
ISIC_1014956,train,,,,train,,,,test,FITZPATRICK 4,3.0,3.0
ISIC_1031793,train,,,,train,,,,train,,,
ISIC_1033665,,,,,,,,,test,FITZPATRICK 2,1.0,1.0
ISIC_1037016,train,,,,train,,,,train,,,
ISIC_1039931,test,MONK 1,1.0,0.0,train,,,,val,,,
ISIC_1041474,train,,,,train,,,,train,,,
ISIC_1043153,train,,,,train,,,,test,FITZPATRICK 6,4.0,5.0
ISIC_1047286,,,,,,,,,val,,,
ISIC_1055888,val,,,,,,,,test,FITZPATRICK 6,4.0,5.0
ISIC_1065272,val,,,,val,,,,train,,,
ISIC_1067447,,,,,,,,,val,,,
ISIC_1075265,val,,,,val,,,,train,,,
ISIC_1080131,train,,,,train,,,,test,FITZPATRICK 6,5.0,5.0
ISIC_1087238,train,,,,train,,,,test,FITZPATRICK 3,2.0,2.0
ISIC_1089130,,,,,,,,,val,,,
ISIC_1089862,,,,,test,MONK 7,7.0,6.0,,,,
ISIC_1093834,train,,,,val,,,,train,,,
ISIC_1093987,test,MONK 2,1.0,1.0,val,,,,train,,,
ISIC_1111794,train,,,,train,,,,train,,,
ISIC_1111938,,,,,test,MONK 1,0.0,0.0,val,,,
ISIC_1124308,train,,,,train,,,,train,,,
ISIC_1130293,val,,,,,,,,val,,,
ISIC_1132914,test,MONK 6,5.0,5.0,,,,,,,,
ISIC_1136232,,,,,,,,,val,,,
ISIC_1147673,test,MONK 6,7.0,5.0,,,,,,,,
ISIC_1154658,train,,,,train,,,,train,,,
ISIC_1156496,train,,,,train,,,,train,,,
ISIC_1165334,test,MONK 3,1.0,2.0,val,,,,train,,,
ISIC_1171216,train,,,,train,,,,train,,,
ISIC_1174215,train,,,,train,,,,train,,,
ISIC_1183112,val,,,,train,,,,train,,,
ISIC_1186505,,,,,,,,,test,FITZPATRICK 4,3.0,3.0
ISIC_1199461,train,,,,train,,,,train,,,
ISIC_1201071,train,,,,val,,,,train,,,
ISIC_1219513,val,,,,,,,,,,,
ISIC_1227007,train,,,,train,,,,val,,,
ISIC_1227387,train,,,,train,,,,train,,,
ISIC_1231339,,,,,,,,,test,FITZPATRICK 2,1.0,1.0
ISIC_1233783,train,,,,train,,,,train,,,
ISIC_1239740,train,,,,train,,,,val,,,
ISIC_1254394,test,MONK 4,2.0,3.0,train,,,,train,,,
ISIC_1259689,test,MONK 7,4.0,6.0,val,,,,train,,,
ISIC_1267588,train,,,,train,,,,test,FITZPATRICK 3,2.0,2.0
ISIC_1270033,test,MONK 5,4.0,4.0,val,,,,train,,,
ISIC_1271123,train,,,,train,,,,train,,,
ISIC_1275143,train,,,,val,,,,train,,,
ISIC_1284323,val,,,,train,,,,val,,,
ISIC_1290605,val,,,,test,MONK 4,0.0,3.0,,,,
ISIC_1314944,train,,,,train,,,,train,,,
ISIC_1316342,train,,,,train,,,,train,,,
ISIC_1328368,train,,,,train,,,,train,,,
ISIC_1339542,train,,,,test,MONK 2,2.0,1.0,train,,,
ISIC_1343486,val,,,,test,MONK 7,6.0,6.0,train,,,
ISIC_1348206,test,MONK 2,0.0,1.0,train,,,,train,,,
ISIC_1360714,,,,,,,,,test,FITZPATRICK 4,3.0,3.0
ISIC_1391433,val,,,,train,,,,train,,,
ISIC_1391489,train,,,,train,,,,train,,,
ISIC_1394156,test,MONK 6,5.0,5.0,,,,,,,,
ISIC_1401871,train,,,,train,,,,test,FITZPATRICK 2,3.0,1.0
ISIC_1411269,train,,,,train,,,,train,,,
ISIC_1413067,test,MONK 1,1.0,0.0,,,,,,,,
ISIC_1418945,val,,,,,,,,,,,
ISIC_1428987,test,MONK 2,1.0,1.0,test,MONK 3,1.0,2.0,train,,,
ISIC_1432998,,,,,val,,,,val,,,
ISIC_1452053,,,,,,,,,val,,,
ISIC_1483742,val,,,,test,MONK 7,6.0,6.0,val,,,
ISIC_1492707,test,MONK 2,1.0,1.0,test,MONK 2,0.0,1.0,val,,,
ISIC_1498495,val,,,,train,,,,test,FITZPATRICK 2,3.0,1.0
ISIC_1498936,,,,,val,,,,,,,
ISIC_1499169,,,,,,,,,test,FITZPATRICK 6,5.0,5.0
ISIC_1523606,,,,,,,,,val,,,
ISIC_1529034,train,,,,train,,,,train,,,
ISIC_1530979,train,,,,train,,,,train,,,
ISIC_1534301,train,,,,train,,,,train,,,
ISIC_1547149,test,MONK 9,8.0,8.0,,,,,,,,
ISIC_1564362,train,,,,train,,,,train,,,
ISIC_1573988,train,,,,train,,,,train,,,
ISIC_1575102,val,,,,test,MONK 1,1.0,0.0,,,,
ISIC_1582990,,,,,,,,,test,FITZPATRICK 2,3.0,1.0
ISIC_1586438,train,,,,train,,,,train,,,
ISIC_1588612,,,,,test,MONK 2,2.0,1.0,test,FITZPATRICK 2,3.0,1.0
ISIC_1593352,train,,,,train,,,,train,,,
ISIC_1599696,train,,,,train,,,,train,,,
ISIC_1602969,train,,,,train,,,,train,,,
ISIC_1612225,,,,,,,,,test,FITZPATRICK 2,0.0,1.0
ISIC_1614247,,,,,test,MONK 7,5.0,6.0,,,,
ISIC_1621586,val,,,,,,,,,,,
ISIC_1623966,train,,,,train,,,,train,,,
ISIC_1626874,test,MONK 1,1.0,0.0,train,,,,val,,,
ISIC_1645042,train,,,,train,,,,train,,,
ISIC_1654189,test,MONK 2,1.0,1.0,,,,,val,,,
ISIC_1671051,train,,,,train,,,,test,FITZPATRICK 1,3.0,0.0
ISIC_1672672,test,MONK 2,1.0,1.0,train,,,,train,,,
ISIC_1678430,train,,,,train,,,,train,,,
ISIC_1682731,val,,,,,,,,val,,,
ISIC_1688051,test,MONK 5,3.0,4.0,test,MONK 6,4.0,5.0,val,,,
ISIC_1690615,test,MONK 4,3.0,3.0,val,,,,train,,,
ISIC_1691239,test,MONK 1,0.0,0.0,train,,,,test,FITZPATRICK 1,2.0,0.0
ISIC_1700522,train,,,,train,,,,train,,,
ISIC_1702724,test,MONK 1,1.0,0.0,val,,,,,,,
ISIC_1707243,val,,,,,,,,,,,
ISIC_1707615,train,,,,train,,,,train,,,
ISIC_1708202,train,,,,train,,,,test,FITZPATRICK 4,4.0,3.0
ISIC_1722819,,,,,val,,,,,,,
ISIC_1723255,train,,,,train,,,,train,,,
ISIC_1723901,train,,,,train,,,,val,,,
ISIC_1727964,val,,,,val,,,,test,FITZPATRICK 6,5.0,5.0
ISIC_1741268,,,,,,,,,test,FITZPATRICK 2,0.0,1.0
ISIC_1758258,train,,,,train,,,,train,,,
ISIC_1762205,val,,,,,,,,test,FITZPATRICK 6,4.0,5.0
ISIC_1775086,val,,,,val,,,,train,,,
ISIC_1776560,,,,,,,,,val,,,
ISIC_1777639,,,,,test,MONK 1,1.0,0.0,,,,
ISIC_1778168,,,,,,,,,test,FITZPATRICK 6,5.0,5.0
ISIC_1781454,,,,,val,,,,test,FITZPATRICK 2,1.0,1.0
ISIC_1786217,train,,,,test,MONK 2,1.0,1.0,train,,,
ISIC_1792446,train,,,,train,,,,train,,,
ISIC_1800264,train,,,,test,MONK 7,7.0,6.0,train,,,
ISIC_1806193,test,MONK 4,3.0,3.0,test,MONK 3,2.0,2.0,train,,,
ISIC_1816916,train,,,,train,,,,train,,,
ISIC_1820384,train,,,,train,,,,train,,,
ISIC_1820666,train,,,,train,,,,train,,,
ISIC_1823499,,,,,,,,,val,,,
ISIC_1823696,test,MONK 9,7.0,8.0,,,,,test,FITZPATRICK 6,5.0,5.0
ISIC_1826945,val,,,,test,MONK 7,6.0,6.0,val,,,
ISIC_1828840,val,,,,train,,,,train,,,
ISIC_1829456,test,MONK 9,8.0,8.0,,,,,test,FITZPATRICK 6,5.0,5.0
ISIC_1832250,train,,,,val,,,,train,,,
ISIC_1834034,,,,,test,MONK 2,3.0,1.0,,,,
ISIC_1842058,train,,,,train,,,,train,,,
ISIC_1843942,test,MONK 1,1.0,0.0,val,,,,train,,,
ISIC_1848953,train,,,,test,MONK 1,0.0,0.0,test,FITZPATRICK 2,0.0,1.0
ISIC_1860194,test,MONK 6,6.0,5.0,,,,,,,,
ISIC_1865181,test,MONK 4,2.0,3.0,train,,,,train,,,
ISIC_1869989,train,,,,train,,,,test,FITZPATRICK 4,3.0,3.0
ISIC_1875466,val,,,,train,,,,test,FITZPATRICK 6,4.0,5.0
ISIC_1884152,test,MONK 2,1.0,1.0,test,MONK 2,0.0,1.0,val,,,
ISIC_1892522,,,,,test,MONK 5,4.0,4.0,,,,
ISIC_1898690,,,,,,,,,val,,,
ISIC_1901991,,,,,,,,,val,,,
ISIC_1905503,train,,,,test,MONK 6,3.0,5.0,val,,,
ISIC_1910900,,,,,,,,,val,,,
ISIC_1919008,val,,,,train,,,,train,,,
ISIC_1927116,test,MONK 2,0.0,1.0,val,,,,,,,
ISIC_1930116,,,,,,,,,val,,,
ISIC_1931808,train,,,,train,,,,train,,,
ISIC_1951196,test,MONK 1,1.0,0.0,,,,,,,,
ISIC_1966059,,,,,test,MONK 7,5.0,6.0,,,,
ISIC_1972578,test,MONK 9,8.0,8.0,train,,,,test,FITZPATRICK 6,5.0,5.0
ISIC_1975312,val,,,,val,,,,train,,,
ISIC_1980311,,,,,val,,,,,,,
ISIC_1982716,,,,,,,,,test,FITZPATRICK 5,3.0,4.0
ISIC_1984040,train,,,,test,MONK 5,4.0,4.0,train,,,
ISIC_1993158,train,,,,val,,,,train,,,
ISIC_2001918,train,,,,train,,,,val,,,
ISIC_2009902,val,,,,train,,,,test,FITZPATRICK 6,5.0,5.0
ISIC_2010865,train,,,,train,,,,test,FITZPATRICK 2,1.0,1.0
ISIC_2037868,,,,,,,,,val,,,
ISIC_2041049,,,,,val,,,,,,,
ISIC_2048660,train,,,,train,,,,train,,,
ISIC_2050690,train,,,,train,,,,test,FITZPATRICK 2,1.0,1.0
ISIC_2057086,train,,,,train,,,,test,FITZPATRICK 1,2.0,0.0
ISIC_2058474,,,,,,,,,test,FITZPATRICK 2,0.0,1.0
ISIC_2062468,train,,,,train,,,,val,,,
ISIC_2102361,test,MONK 5,3.0,4.0,test,MONK 6,4.0,5.0,val,,,
ISIC_2105790,train,,,,train,,,,train,,,
ISIC_2107581,,,,,test,MONK 5,6.0,4.0,,,,
ISIC_2113133,train,,,,train,,,,val,,,
ISIC_2123772,train,,,,train,,,,train,,,
ISIC_2138634,val,,,,test,MONK 6,5.0,5.0,train,,,
ISIC_2140345,val,,,,test,MONK 7,4.0,6.0,train,,,
ISIC_2163839,test,MONK 6,6.0,5.0,,,,,,,,
ISIC_2164492,test,MONK 4,2.0,3.0,val,,,,train,,,
ISIC_2167060,train,,,,train,,,,train,,,
ISIC_2176067,train,,,,train,,,,test,FITZPATRICK 6,3.0,5.0
ISIC_2182917,train,,,,train,,,,train,,,
ISIC_2191127,,,,,val,,,,,,,
ISIC_2195221,,,,,,,,,test,FITZPATRICK 1,1.0,0.0
ISIC_2195568,train,,,,train,,,,train,,,
ISIC_2222327,val,,,,,,,,,,,
ISIC_2251734,train,,,,test,MONK 1,0.0,0.0,train,,,
ISIC_2256487,train,,,,train,,,,train,,,
ISIC_2286933,val,,,,train,,,,train,,,
ISIC_2288690,,,,,,,,,test,FITZPATRICK 2,4.0,1.0
ISIC_2294490,test,MONK 2,1.0,1.0,,,,,,,,
ISIC_2305218,train,,,,train,,,,train,,,
ISIC_2314750,val,,,,val,,,,train,,,
ISIC_2315370,train,,,,train,,,,train,,,
ISIC_2320760,,,,,,,,,val,,,
ISIC_2324763,train,,,,val,,,,train,,,
ISIC_2329590,train,,,,train,,,,val,,,
ISIC_2331295,train,,,,val,,,,train,,,
ISIC_2351979,val,,,,test,MONK 2,0.0,1.0,train,,,
ISIC_2353550,test,MONK 7,4.0,6.0,val,,,,,,,
ISIC_2369159,,,,,test,MONK 7,5.0,6.0,test,FITZPATRICK 6,5.0,5.0
ISIC_2383397,train,,,,train,,,,train,,,
ISIC_2387785,,,,,val,,,,,,,
ISIC_2391412,train,,,,val,,,,train,,,
ISIC_2400980,,,,,,,,,val,,,
ISIC_2404312,train,,,,train,,,,train,,,
ISIC_2422715,,,,,,,,,val,,,
ISIC_2424869,train,,,,train,,,,val,,,
ISIC_2453125,train,,,,train,,,,train,,,
ISIC_2454506,,,,,,,,,test,FITZPATRICK 6,5.0,5.0
ISIC_2459338,val,,,,val,,,,test,FITZPATRICK 2,0.0,1.0
ISIC_2463278,train,,,,train,,,,train,,,
ISIC_2472668,,,,,test,MONK 7,5.0,6.0,,,,
ISIC_2479074,,,,,,,,,test,FITZPATRICK 2,0.0,1.0
ISIC_2479894,val,,,,train,,,,train,,,
ISIC_2480586,train,,,,test,MONK 5,5.0,4.0,test,FITZPATRICK 5,5.0,4.0
ISIC_2481396,train,,,,train,,,,test,FITZPATRICK 6,3.0,5.0
ISIC_2487359,train,,,,val,,,,train,,,
ISIC_2489913,val,,,,,,,,test,FITZPATRICK 5,4.0,4.0
ISIC_2493138,,,,,test,MONK 1,0.0,0.0,val,,,
ISIC_2504741,train,,,,train,,,,train,,,
ISIC_2538420,train,,,,val,,,,train,,,
ISIC_2539708,val,,,,train,,,,test,FITZPATRICK 6,4.0,5.0
ISIC_2545543,,,,,test,MONK 2,1.0,1.0,val,,,
ISIC_2548580,val,,,,test,MONK 5,6.0,4.0,test,FITZPATRICK 6,5.0,5.0
ISIC_2560255,train,,,,train,,,,val,,,
ISIC_2561242,val,,,,test,MONK 5,3.0,4.0,train,,,
ISIC_2563995,train,,,,val,,,,train,,,
ISIC_2566040,train,,,,train,,,,train,,,
ISIC_2576119,,,,,,,,,val,,,
ISIC_2578696,val,,,,val,,,,,,,
ISIC_2600522,train,,,,test,MONK 1,1.0,0.0,test,FITZPATRICK 1,0.0,0.0
ISIC_2605617,val,,,,,,,,,,,
ISIC_2621729,,,,,,,,,val,,,
ISIC_2624651,train,,,,train,,,,val,,,
ISIC_2626829,train,,,,train,,,,val,,,
ISIC_2633883,train,,,,train,,,,train,,,
ISIC_2636344,,,,,,,,,test,FITZPATRICK 4,3.0,3.0
ISIC_2640979,train,,,,train,,,,val,,,
ISIC_2646100,train,,,,test,MONK 7,5.0,6.0,train,,,
ISIC_2652249,train,,,,train,,,,val,,,
ISIC_2653666,,,,,val,,,,val,,,
ISIC_2664047,train,,,,train,,,,train,,,
ISIC_2664102,,,,,val,,,,test,FITZPATRICK 2,1.0,1.0
ISIC_2667025,train,,,,test,MONK 2,1.0,1.0,val,,,
ISIC_2672844,train,,,,val,,,,test,FITZPATRICK 6,4.0,5.0
ISIC_2692674,val,,,,val,,,,val,,,
ISIC_2701516,val,,,,test,MONK 3,3.0,2.0,train,,,
ISIC_2702495,val,,,,val,,,,,,,
ISIC_2703460,,,,,,,,,test,FITZPATRICK 3,2.0,2.0
ISIC_2708821,train,,,,train,,,,train,,,
ISIC_2712330,val,,,,train,,,,val,,,
ISIC_2727787,train,,,,train,,,,train,,,
ISIC_2728490,train,,,,train,,,,train,,,
ISIC_2729129,train,,,,train,,,,val,,,
ISIC_2742660,,,,,,,,,train,,,
ISIC_2742997,val,,,,,,,,val,,,
ISIC_2770740,train,,,,train,,,,train,,,
ISIC_2779302,,,,,test,MONK 2,0.0,1.0,,,,
ISIC_2780575,test,MONK 4,4.0,3.0,train,,,,test,FITZPATRICK 6,4.0,5.0
ISIC_2784498,train,,,,train,,,,train,,,
ISIC_2785072,,,,,,,,,val,,,
ISIC_2786995,test,MONK 9,7.0,8.0,,,,,,,,
ISIC_2789012,,,,,val,,,,,,,
ISIC_2797295,,,,,val,,,,,,,
ISIC_2807718,train,,,,test,MONK 1,0.0,0.0,train,,,
ISIC_2820070,test,MONK 2,2.0,1.0,train,,,,test,FITZPATRICK 1,2.0,0.0
ISIC_2827089,val,,,,,,,,,,,
ISIC_2828924,,,,,,,,,val,,,
ISIC_2830948,train,,,,train,,,,val,,,
ISIC_2831693,val,,,,val,,,,,,,
ISIC_2838886,val,,,,,,,,,,,
ISIC_2839574,val,,,,train,,,,test,FITZPATRICK 6,5.0,5.0
ISIC_2840961,test,MONK 6,6.0,5.0,,,,,,,,
ISIC_2846953,,,,,test,MONK 3,2.0,2.0,,,,
ISIC_2863630,train,,,,train,,,,train,,,
ISIC_2867197,train,,,,train,,,,test,FITZPATRICK 1,3.0,0.0
ISIC_2867544,,,,,test,MONK 3,1.0,2.0,val,,,
ISIC_2869631,train,,,,train,,,,train,,,
ISIC_2888757,test,MONK 8,4.0,7.0,train,,,,train,,,
ISIC_2896664,train,,,,train,,,,train,,,
ISIC_2905087,,,,,,,,,val,,,
ISIC_2914358,test,MONK 1,0.0,0.0,,,,,,,,
ISIC_2916845,train,,,,test,MONK 2,1.0,1.0,train,,,
ISIC_2921066,val,,,,train,,,,train,,,
ISIC_2923702,train,,,,train,,,,train,,,
ISIC_2926971,train,,,,train,,,,train,,,
ISIC_2931088,val,,,,train,,,,val,,,
ISIC_2946249,,,,,,,,,test,FITZPATRICK 3,2.0,2.0
ISIC_2967387,test,MONK 1,1.0,0.0,train,,,,train,,,
ISIC_2970184,train,,,,train,,,,train,,,
ISIC_2977596,val,,,,train,,,,val,,,
ISIC_2980210,,,,,,,,,val,,,
ISIC_2985909,train,,,,train,,,,train,,,
ISIC_2993404,train,,,,train,,,,val,,,
ISIC_3001013,train,,,,val,,,,train,,,
ISIC_3005497,val,,,,,,,,,,,
ISIC_3008645,train,,,,train,,,,train,,,
ISIC_3010429,train,,,,train,,,,train,,,
ISIC_3025141,test,MONK 7,6.0,6.0,,,,,,,,
ISIC_3026359,test,MONK 3,4.0,2.0,val,,,,test,FITZPATRICK 5,4.0,4.0
ISIC_3030863,test,MONK 9,7.0,8.0,,,,,,,,
ISIC_3038422,train,,,,train,,,,train,,,
ISIC_3042644,,,,,,,,,train,,,
ISIC_3063577,,,,,,,,,val,,,
ISIC_3078723,train,,,,train,,,,test,FITZPATRICK 2,0.0,1.0
ISIC_3088212,train,,,,val,,,,test,FITZPATRICK 2,1.0,1.0
ISIC_3088716,,,,,,,,,test,FITZPATRICK 6,5.0,5.0
ISIC_3103367,train,,,,train,,,,train,,,
ISIC_3104487,test,MONK 4,3.0,3.0,test,MONK 3,2.0,2.0,,,,
ISIC_3130945,train,,,,train,,,,test,FITZPATRICK 6,5.0,5.0
ISIC_3133648,test,MONK 6,6.0,5.0,train,,,,train,,,
ISIC_3136991,test,MONK 4,3.0,3.0,val,,,,train,,,
ISIC_3143631,val,,,,train,,,,train,,,
ISIC_3147137,train,,,,train,,,,train,,,
ISIC_3148289,train,,,,test,MONK 5,4.0,4.0,train,,,
ISIC_3158999,,,,,test,MONK 1,0.0,0.0,,,,
ISIC_3170981,test,MONK 2,2.0,1.0,train,,,,test,FITZPATRICK 1,2.0,0.0
ISIC_3173810,train,,,,test,MONK 7,6.0,6.0,train,,,
ISIC_3174591,,,,,,,,,val,,,
ISIC_3175126,train,,,,test,MONK 8,7.0,7.0,train,,,
ISIC_3198172,train,,,,train,,,,train,,,
ISIC_3199221,test,MONK 3,3.0,2.0,test,MONK 6,3.0,5.0,test,FITZPATRICK 3,2.0,2.0
ISIC_3200675,,,,,test,MONK 2,0.0,1.0,,,,
ISIC_3204075,test,MONK 2,1.0,1.0,,,,,,,,
ISIC_3206876,train,,,,train,,,,train,,,
ISIC_3211469,train,,,,val,,,,test,FITZPATRICK 2,1.0,1.0
ISIC_3218212,val,,,,,,,,,,,
ISIC_3219525,train,,,,train,,,,train,,,
ISIC_3234694,,,,,test,MONK 3,3.0,2.0,,,,
ISIC_3241214,,,,,,,,,val,,,
ISIC_3243489,train,,,,val,,,,train,,,
ISIC_3244706,,,,,val,,,,,,,
ISIC_3249927,train,,,,val,,,,train,,,
ISIC_3256423,val,,,,test,MONK 1,1.0,0.0,train,,,
ISIC_3278288,train,,,,test,MONK 5,3.0,4.0,val,,,
ISIC_3278744,train,,,,test,MONK 1,0.0,0.0,val,,,
ISIC_3283119,test,MONK 8,3.0,7.0,test,MONK 6,3.0,5.0,test,FITZPATRICK 4,2.0,3.0
ISIC_3290746,test,MONK 1,1.0,0.0,test,MONK 1,1.0,0.0,,,,
ISIC_3291967,val,,,,train,,,,train,,,
ISIC_3292403,val,,,,,,,,,,,
ISIC_3296571,train,,,,train,,,,train,,,
ISIC_3313254,train,,,,test,MONK 4,1.0,3.0,val,,,
ISIC_3318350,test,MONK 8,4.0,7.0,train,,,,test,FITZPATRICK 4,4.0,3.0
ISIC_3328507,test,MONK 1,0.0,0.0,,,,,,,,
ISIC_3337249,,,,,val,,,,,,,
ISIC_3339031,,,,,test,MONK 2,1.0,1.0,test,FITZPATRICK 3,0.0,2.0
ISIC_3342764,,,,,test,MONK 8,6.0,7.0,,,,
ISIC_3347665,val,,,,train,,,,train,,,
ISIC_3362662,,,,,test,MONK 7,5.0,6.0,test,FITZPATRICK 6,5.0,5.0
ISIC_3362947,,,,,test,MONK 7,5.0,6.0,,,,
ISIC_3365001,train,,,,train,,,,train,,,
ISIC_3366138,train,,,,test,MONK 7,5.0,6.0,train,,,
ISIC_3373662,,,,,test,MONK 5,3.0,4.0,val,,,
ISIC_3374799,train,,,,train,,,,train,,,
ISIC_3382095,test,MONK 6,5.0,5.0,,,,,test,FITZPATRICK 6,5.0,5.0
ISIC_3395063,test,MONK 3,3.0,2.0,,,,,test,FITZPATRICK 3,3.0,2.0
ISIC_3403209,train,,,,test,MONK 3,2.0,2.0,train,,,
ISIC_3415723,train,,,,train,,,,train,,,
ISIC_3425305,train,,,,train,,,,train,,,
ISIC_3427086,train,,,,train,,,,train,,,
ISIC_3430956,,,,,val,,,,,,,
ISIC_3437770,,,,,val,,,,,,,
ISIC_3443274,train,,,,test,MONK 2,1.0,1.0,test,FITZPATRICK 2,1.0,1.0
ISIC_3445219,val,,,,train,,,,train,,,
ISIC_3445644,train,,,,val,,,,train,,,
ISIC_3456012,test,MONK 4,2.0,3.0,,,,,test,FITZPATRICK 2,1.0,1.0
ISIC_3473658,,,,,val,,,,,,,
ISIC_3474932,test,MONK 7,6.0,6.0,test,MONK 5,7.0,4.0,,,,
ISIC_3476776,train,,,,test,MONK 3,2.0,2.0,test,FITZPATRICK 2,0.0,1.0
ISIC_3481568,train,,,,train,,,,train,,,
ISIC_3487203,val,,,,train,,,,val,,,
ISIC_3501024,val,,,,train,,,,train,,,
ISIC_3507139,test,MONK 5,6.0,4.0,test,MONK 5,7.0,4.0,train,,,
ISIC_3511164,,,,,,,,,test,FITZPATRICK 3,2.0,2.0
ISIC_3513238,train,,,,train,,,,train,,,
ISIC_3520555,train,,,,val,,,,train,,,
ISIC_3526405,,,,,test,MONK 7,6.0,6.0,,,,
ISIC_3533705,,,,,,,,,train,,,
ISIC_3546207,train,,,,train,,,,train,,,
ISIC_3568250,test,MONK 9,7.0,8.0,train,,,,train,,,
ISIC_3591124,train,,,,train,,,,test,FITZPATRICK 2,4.0,1.0
ISIC_3605521,train,,,,train,,,,test,FITZPATRICK 2,0.0,1.0
ISIC_3608447,,,,,test,MONK 3,2.0,2.0,,,,
ISIC_3610200,train,,,,train,,,,train,,,
ISIC_3621211,,,,,test,MONK 1,1.0,0.0,test,FITZPATRICK 3,0.0,2.0
ISIC_3628057,train,,,,val,,,,train,,,
ISIC_3628799,train,,,,val,,,,train,,,
ISIC_3638112,,,,,,,,,val,,,
ISIC_3639137,train,,,,train,,,,test,FITZPATRICK 6,5.0,5.0
ISIC_3644687,,,,,,,,,val,,,
ISIC_3652696,,,,,val,,,,val,,,
ISIC_3659198,,,,,,,,,train,,,
ISIC_3661948,val,,,,,,,,,,,
ISIC_3666156,train,,,,val,,,,train,,,
ISIC_3666537,val,,,,train,,,,train,,,
ISIC_3673004,train,,,,train,,,,train,,,
ISIC_3678124,train,,,,test,MONK 1,0.0,0.0,train,,,
ISIC_3686357,train,,,,val,,,,train,,,
ISIC_3702174,,,,,test,MONK 1,0.0,0.0,,,,
ISIC_3711726,train,,,,train,,,,train,,,
ISIC_3719286,train,,,,test,MONK 1,0.0,0.0,val,,,
ISIC_3736628,test,MONK 9,8.0,8.0,train,,,,test,FITZPATRICK 6,5.0,5.0
ISIC_3741007,test,MONK 2,1.0,1.0,val,,,,train,,,
ISIC_3743370,,,,,,,,,test,FITZPATRICK 6,4.0,5.0
ISIC_3748426,test,MONK 8,3.0,7.0,test,MONK 5,3.0,4.0,val,,,
ISIC_3756207,,,,,test,MONK 2,2.0,1.0,,,,
ISIC_3756840,train,,,,train,,,,val,,,
ISIC_3758537,,,,,val,,,,,,,
ISIC_3762009,train,,,,train,,,,train,,,
ISIC_3768475,val,,,,train,,,,train,,,
ISIC_3772238,train,,,,train,,,,test,FITZPATRICK 2,1.0,1.0
ISIC_3779207,,,,,val,,,,,,,
ISIC_3786874,train,,,,val,,,,train,,,
ISIC_3796208,train,,,,test,MONK 5,6.0,4.0,train,,,
ISIC_3801510,val,,,,,,,,,,,
ISIC_3802542,test,MONK 6,4.0,5.0,train,,,,train,,,
ISIC_3803126,train,,,,test,MONK 5,4.0,4.0,train,,,
ISIC_3813792,,,,,val,,,,,,,
ISIC_3816219,test,MONK 7,6.0,6.0,test,MONK 7,6.0,6.0,val,,,
ISIC_3827307,train,,,,train,,,,test,FITZPATRICK 4,4.0,3.0
ISIC_3831887,train,,,,train,,,,val,,,
ISIC_3836406,train,,,,train,,,,train,,,
ISIC_3842126,train,,,,train,,,,train,,,
ISIC_3843612,val,,,,train,,,,train,,,
ISIC_3864177,val,,,,val,,,,train,,,
ISIC_3869491,test,MONK 1,1.0,0.0,test,MONK 1,1.0,0.0,,,,
ISIC_3873798,train,,,,train,,,,train,,,
ISIC_3889862,,,,,val,,,,,,,
ISIC_3893571,val,,,,val,,,,,,,
ISIC_3894909,val,,,,train,,,,train,,,
ISIC_3899832,test,MONK 7,6.0,6.0,train,,,,train,,,
ISIC_3902813,,,,,val,,,,,,,
ISIC_3905935,train,,,,train,,,,test,FITZPATRICK 6,4.0,5.0
ISIC_3938032,train,,,,train,,,,train,,,
ISIC_3942903,test,MONK 4,3.0,3.0,,,,,,,,
ISIC_3943285,test,MONK 2,1.0,1.0,,,,,test,FITZPATRICK 2,4.0,1.0
ISIC_3944940,train,,,,train,,,,train,,,
ISIC_3954029,val,,,,train,,,,train,,,
ISIC_3960763,train,,,,val,,,,train,,,
ISIC_3988281,,,,,test,MONK 4,4.0,3.0,,,,
ISIC_3990301,,,,,,,,,val,,,
ISIC_3990684,,,,,,,,,test,FITZPATRICK 6,5.0,5.0
ISIC_3998431,val,,,,val,,,,,,,
ISIC_4007790,,,,,,,,,val,,,
ISIC_4012091,val,,,,train,,,,train,,,
ISIC_4018600,,,,,val,,,,,,,
ISIC_4030803,train,,,,test,MONK 5,4.0,4.0,train,,,
ISIC_4031791,val,,,,test,MONK 7,6.0,6.0,,,,
ISIC_4034192,train,,,,train,,,,train,,,
ISIC_4044576,test,MONK 4,2.0,3.0,,,,,,,,
ISIC_4046112,,,,,,,,,val,,,
ISIC_4057878,train,,,,train,,,,train,,,
ISIC_4066123,train,,,,train,,,,train,,,
ISIC_4075687,,,,,,,,,val,,,
ISIC_4081997,train,,,,val,,,,train,,,
ISIC_4082480,val,,,,train,,,,train,,,
ISIC_4126338,,,,,,,,,val,,,
ISIC_4134061,train,,,,train,,,,train,,,
ISIC_4135731,train,,,,train,,,,val,,,
ISIC_4156257,test,MONK 1,1.0,0.0,val,,,,train,,,
ISIC_4156479,train,,,,train,,,,train,,,
ISIC_4159629,,,,,val,,,,,,,
ISIC_4160944,train,,,,train,,,,train,,,
ISIC_4161159,test,MONK 8,6.0,7.0,test,MONK 7,7.0,6.0,train,,,
ISIC_4162246,train,,,,val,,,,train,,,
ISIC_4162432,train,,,,test,MONK 1,0.0,0.0,val,,,
ISIC_4172310,test,MONK 7,5.0,6.0,,,,,test,FITZPATRICK 6,5.0,5.0
ISIC_4190714,,,,,,,,,val,,,
ISIC_4192715,train,,,,train,,,,train,,,
ISIC_4195344,train,,,,train,,,,train,,,
ISIC_4196123,val,,,,val,,,,,,,
ISIC_4205205,,,,,val,,,,,,,
ISIC_4207168,,,,,val,,,,,,,
ISIC_4207296,train,,,,val,,,,train,,,
ISIC_4209989,val,,,,train,,,,train,,,
ISIC_4210348,val,,,,,,,,,,,
ISIC_4212694,test,MONK 1,1.0,0.0,test,MONK 1,0.0,0.0,val,,,
ISIC_4215063,,,,,val,,,,val,,,
ISIC_4228691,,,,,,,,,val,,,
ISIC_4233274,,,,,val,,,,,,,
ISIC_4248285,train,,,,train,,,,train,,,
ISIC_4250846,train,,,,test,MONK 1,0.0,0.0,train,,,
ISIC_4254945,train,,,,train,,,,train,,,
ISIC_4262437,train,,,,train,,,,train,,,
ISIC_4265533,val,,,,test,MONK 7,6.0,6.0,test,FITZPATRICK 6,5.0,5.0
ISIC_4283800,test,MONK 2,0.0,1.0,val,,,,,,,
ISIC_4285285,test,MONK 1,1.0,0.0,,,,,val,,,
ISIC_4289798,,,,,test,MONK 6,6.0,5.0,,,,
ISIC_4308623,test,MONK 7,4.0,6.0,train,,,,test,FITZPATRICK 6,4.0,5.0
ISIC_4316021,val,,,,test,MONK 7,4.0,6.0,,,,
ISIC_4318050,train,,,,val,,,,train,,,
ISIC_4318443,train,,,,train,,,,train,,,
ISIC_4325253,test,MONK 2,0.0,1.0,train,,,,test,FITZPATRICK 2,0.0,1.0
ISIC_4328205,train,,,,val,,,,train,,,
ISIC_4330526,,,,,val,,,,val,,,
ISIC_4337732,,,,,,,,,test,FITZPATRICK 4,5.0,3.0
ISIC_4359572,val,,,,val,,,,train,,,
ISIC_4378683,train,,,,train,,,,train,,,
ISIC_4379677,train,,,,train,,,,train,,,
ISIC_4381180,train,,,,train,,,,train,,,
ISIC_4386624,train,,,,test,MONK 1,0.0,0.0,train,,,
ISIC_4405662,,,,,val,,,,,,,
ISIC_4413505,train,,,,train,,,,val,,,
ISIC_4419047,test,MONK 6,6.0,5.0,train,,,,val,,,
ISIC_4422293,train,,,,train,,,,test,FITZPATRICK 2,0.0,1.0
ISIC_4423573,,,,,test,MONK 7,6.0,6.0,,,,
ISIC_4425914,train,,,,train,,,,train,,,
ISIC_4427368,val,,,,val,,,,train,,,
ISIC_4430485,test,MONK 3,3.0,2.0,test,MONK 6,3.0,5.0,test,FITZPATRICK 3,2.0,2.0
ISIC_4433064,val,,,,test,MONK 5,4.0,4.0,val,,,
ISIC_4433877,val,,,,,,,,,,,
ISIC_4452337,test,MONK 1,1.0,0.0,test,MONK 1,1.0,0.0,train,,,
ISIC_4455082,train,,,,train,,,,train,,,
ISIC_4486817,test,MONK 5,3.0,4.0,test,MONK 6,4.0,5.0,val,,,
ISIC_4493024,val,,,,test,MONK 5,6.0,4.0,test,FITZPATRICK 6,5.0,5.0
ISIC_4503250,train,,,,train,,,,train,,,
ISIC_4503982,train,,,,train,,,,train,,,
ISIC_4510141,train,,,,train,,,,train,,,
ISIC_4516283,,,,,,,,,test,FITZPATRICK 1,0.0,0.0
ISIC_4530032,val,,,,train,,,,train,,,
ISIC_4541465,train,,,,train,,,,train,,,
ISIC_4544035,,,,,,,,,val,,,
ISIC_4544243,,,,,val,,,,,,,
ISIC_4548020,test,MONK 3,2.0,2.0,,,,,,,,
ISIC_4548744,train,,,,train,,,,val,,,
ISIC_4559309,,,,,,,,,train,,,
ISIC_4559993,,,,,,,,,test,FITZPATRICK 3,2.0,2.0
ISIC_4563547,train,,,,train,,,,test,FITZPATRICK 6,3.0,5.0
ISIC_4563661,val,,,,train,,,,train,,,
ISIC_4566756,train,,,,train,,,,train,,,
ISIC_4571064,val,,,,train,,,,train,,,
ISIC_4573110,test,MONK 4,3.0,3.0,,,,,,,,
ISIC_4593111,train,,,,val,,,,train,,,
ISIC_4595340,train,,,,train,,,,train,,,
ISIC_4601667,val,,,,train,,,,val,,,
ISIC_4612094,train,,,,train,,,,train,,,
ISIC_4622932,train,,,,test,MONK 7,6.0,6.0,train,,,
ISIC_4633407,val,,,,,,,,val,,,
ISIC_4653027,,,,,,,,,val,,,
ISIC_4660219,val,,,,test,MONK 4,0.0,3.0,,,,
ISIC_4663947,train,,,,train,,,,train,,,
ISIC_4672702,,,,,,,,,val,,,
ISIC_4680011,val,,,,train,,,,val,,,
ISIC_4680179,train,,,,val,,,,train,,,
ISIC_4693490,val,,,,,,,,val,,,
ISIC_4694006,test,MONK 6,5.0,5.0,train,,,,train,,,
ISIC_4696561,train,,,,train,,,,train,,,
ISIC_4701954,val,,,,val,,,,,,,
ISIC_4703932,val,,,,test,MONK 1,0.0,0.0,train,,,
ISIC_4704773,train,,,,train,,,,train,,,
ISIC_4739363,test,MONK 1,0.0,0.0,,,,,test,FITZPATRICK 2,0.0,1.0
ISIC_4744405,val,,,,train,,,,train,,,
ISIC_4748693,train,,,,val,,,,train,,,
ISIC_4753033,val,,,,train,,,,train,,,
ISIC_4753057,train,,,,test,MONK 2,1.0,1.0,train,,,
ISIC_4754941,,,,,,,,,test,FITZPATRICK 6,5.0,5.0
ISIC_4757258,train,,,,val,,,,train,,,
ISIC_4767395,test,MONK 2,1.0,1.0,test,MONK 2,0.0,1.0,val,,,
ISIC_4773528,,,,,,,,,test,FITZPATRICK 6,5.0,5.0
ISIC_4774715,train,,,,val,,,,train,,,
ISIC_4776217,train,,,,train,,,,val,,,
ISIC_4776612,test,MONK 9,6.0,8.0,test,MONK 9,6.0,8.0,val,,,
ISIC_4776973,train,,,,test,MONK 7,5.0,6.0,train,,,
ISIC_4783596,,,,,test,MONK 5,3.0,4.0,val,,,
ISIC_4785806,train,,,,train,,,,test,FITZPATRICK 3,0.0,2.0
ISIC_4787752,test,MONK 1,1.0,0.0,val,,,,train,,,
ISIC_4824729,test,MONK 6,6.0,5.0,train,,,,val,,,
ISIC_4839937,val,,,,test,MONK 4,2.0,3.0,train,,,
ISIC_4846289,train,,,,train,,,,train,,,
ISIC_4863276,test,MONK 7,6.0,6.0,train,,,,train,,,
ISIC_4864909,test,MONK 7,6.0,6.0,,,,,,,,
ISIC_4884213,,,,,test,MONK 5,3.0,4.0,val,,,
ISIC_4885293,train,,,,train,,,,val,,,
ISIC_4885914,test,MONK 4,2.0,3.0,train,,,,val,,,
ISIC_4898721,test,MONK 6,7.0,5.0,,,,,val,,,
ISIC_4911837,,,,,test,MONK 6,5.0,5.0,,,,
ISIC_4914569,test,MONK 7,7.0,6.0,,,,,,,,
ISIC_4924491,test,MONK 2,0.0,1.0,train,,,,train,,,
ISIC_4925726,val,,,,train,,,,train,,,
ISIC_4930290,train,,,,train,,,,train,,,
ISIC_4931349,test,MONK 2,1.0,1.0,train,,,,val,,,
ISIC_4931688,val,,,,train,,,,train,,,
ISIC_4933470,test,MONK 6,5.0,5.0,train,,,,test,FITZPATRICK 6,5.0,5.0
ISIC_4937492,train,,,,val,,,,val,,,
ISIC_4945008,val,,,,val,,,,,,,
ISIC_4946277,train,,,,train,,,,val,,,
ISIC_4963128,test,MONK 1,0.0,0.0,val,,,,val,,,
ISIC_4971556,test,MONK 5,4.0,4.0,val,,,,,,,
ISIC_5007319,,,,,test,MONK 2,1.0,1.0,,,,
ISIC_5020996,,,,,test,MONK 1,0.0,0.0,,,,
ISIC_5025789,val,,,,train,,,,train,,,
ISIC_5039596,test,MONK 3,1.0,2.0,,,,,,,,
ISIC_5042076,test,MONK 4,3.0,3.0,val,,,,,,,
ISIC_5043853,val,,,,,,,,,,,
ISIC_5051897,test,MONK 2,1.0,1.0,,,,,val,,,
ISIC_5059032,train,,,,train,,,,train,,,
ISIC_5060302,,,,,test,MONK 2,1.0,1.0,,,,
ISIC_5065357,train,,,,test,MONK 5,4.0,4.0,val,,,
ISIC_5070273,test,MONK 7,5.0,6.0,val,,,,train,,,
ISIC_5080342,train,,,,train,,,,train,,,
ISIC_5083963,val,,,,train,,,,train,,,
ISIC_5090842,train,,,,train,,,,train,,,
ISIC_5100758,train,,,,train,,,,test,FITZPATRICK 2,0.0,1.0
ISIC_5104213,,,,,test,MONK 7,6.0,6.0,,,,
ISIC_5124845,,,,,,,,,test,FITZPATRICK 2,0.0,1.0
ISIC_5129209,train,,,,train,,,,test,FITZPATRICK 2,1.0,1.0
ISIC_5136065,train,,,,train,,,,train,,,
ISIC_5143906,val,,,,val,,,,test,FITZPATRICK 6,5.0,5.0
ISIC_5148601,val,,,,train,,,,train,,,
ISIC_5163402,train,,,,train,,,,test,FITZPATRICK 6,5.0,5.0
ISIC_5167099,val,,,,val,,,,,,,
ISIC_5167326,train,,,,test,MONK 6,7.0,5.0,train,,,
ISIC_5167995,,,,,val,,,,,,,
ISIC_5184969,test,MONK 2,1.0,1.0,train,,,,train,,,
ISIC_5195935,test,MONK 9,7.0,8.0,train,,,,train,,,
ISIC_5199140,train,,,,train,,,,train,,,
ISIC_5199307,train,,,,val,,,,train,,,
ISIC_5199953,test,MONK 7,7.0,6.0,train,,,,val,,,
ISIC_5215310,train,,,,test,MONK 1,0.0,0.0,test,FITZPATRICK 2,0.0,1.0
ISIC_5221008,test,MONK 4,2.0,3.0,,,,,,,,
ISIC_5240235,,,,,val,,,,,,,
ISIC_5260567,,,,,val,,,,test,FITZPATRICK 3,1.0,2.0
ISIC_5264399,,,,,,,,,val,,,
ISIC_5268178,,,,,,,,,test,FITZPATRICK 6,3.0,5.0
ISIC_5274471,test,MONK 4,2.0,3.0,train,,,,train,,,
ISIC_5278486,,,,,test,MONK 3,2.0,2.0,,,,
ISIC_5278664,val,,,,train,,,,train,,,
ISIC_5281433,test,MONK 2,1.0,1.0,train,,,,val,,,
ISIC_5281712,test,MONK 2,2.0,1.0,train,,,,train,,,
ISIC_5283681,train,,,,train,,,,train,,,
ISIC_5290960,val,,,,train,,,,test,FITZPATRICK 6,5.0,5.0
ISIC_5292115,train,,,,train,,,,train,,,
ISIC_5293813,train,,,,val,,,,test,FITZPATRICK 2,1.0,1.0
ISIC_5311107,train,,,,train,,,,train,,,
ISIC_5312190,train,,,,train,,,,train,,,
ISIC_5316165,train,,,,train,,,,train,,,
ISIC_5318586,test,MONK 6,4.0,5.0,val,,,,train,,,
ISIC_5335461,val,,,,,,,,,,,
ISIC_5336545,train,,,,train,,,,train,,,
ISIC_5350117,train,,,,train,,,,train,,,
ISIC_5356953,train,,,,train,,,,train,,,
ISIC_5358142,val,,,,,,,,,,,
ISIC_5363714,train,,,,train,,,,val,,,
ISIC_5364866,,,,,,,,,val,,,
ISIC_5371950,val,,,,val,,,,,,,
ISIC_5372960,train,,,,test,MONK 7,5.0,6.0,train,,,
ISIC_5377028,,,,,test,MONK 5,3.0,4.0,val,,,
ISIC_5384128,train,,,,train,,,,train,,,
ISIC_5423147,train,,,,train,,,,train,,,
ISIC_5440771,train,,,,train,,,,test,FITZPATRICK 6,5.0,5.0
ISIC_5452358,val,,,,,,,,,,,
ISIC_5452439,train,,,,train,,,,test,FITZPATRICK 1,0.0,0.0
ISIC_5455009,train,,,,train,,,,train,,,
ISIC_5457285,train,,,,train,,,,train,,,
ISIC_5464049,train,,,,test,MONK 1,1.0,0.0,test,FITZPATRICK 2,1.0,1.0
ISIC_5464752,test,MONK 7,6.0,6.0,val,,,,train,,,
ISIC_5465229,test,MONK 1,1.0,0.0,,,,,val,,,
ISIC_5473699,val,,,,train,,,,test,FITZPATRICK 2,2.0,1.0
ISIC_5490282,,,,,val,,,,val,,,
ISIC_5493096,train,,,,train,,,,train,,,
ISIC_5517753,test,MONK 7,6.0,6.0,val,,,,,,,
ISIC_5519691,test,MONK 2,1.0,1.0,val,,,,,,,
ISIC_5524238,test,MONK 6,3.0,5.0,test,MONK 5,3.0,4.0,val,,,
ISIC_5526768,val,,,,,,,,test,FITZPATRICK 2,3.0,1.0
ISIC_5527953,test,MONK 4,2.0,3.0,,,,,,,,
ISIC_5530984,val,,,,train,,,,train,,,
ISIC_5531821,,,,,,,,,test,FITZPATRICK 2,1.0,1.0
ISIC_5537675,train,,,,val,,,,train,,,
ISIC_5549523,train,,,,train,,,,train,,,
ISIC_5550054,train,,,,train,,,,train,,,
ISIC_5553842,val,,,,train,,,,train,,,
ISIC_5556024,test,MONK 4,2.0,3.0,,,,,test,FITZPATRICK 2,1.0,1.0
ISIC_5563268,,,,,val,,,,test,FITZPATRICK 2,2.0,1.0
ISIC_5563414,test,MONK 4,2.0,3.0,val,,,,train,,,
ISIC_5583980,test,MONK 6,5.0,5.0,train,,,,test,FITZPATRICK 6,5.0,5.0
ISIC_5585350,test,MONK 6,5.0,5.0,train,,,,train,,,
ISIC_5589139,val,,,,test,MONK 7,6.0,6.0,train,,,
ISIC_5589505,train,,,,train,,,,train,,,
ISIC_5590344,test,MONK 6,5.0,5.0,val,,,,test,FITZPATRICK 6,4.0,5.0
ISIC_5613494,test,MONK 4,2.0,3.0,train,,,,train,,,
ISIC_5615276,train,,,,train,,,,train,,,
ISIC_5618700,test,MONK 8,4.0,7.0,,,,,,,,
ISIC_5620236,train,,,,train,,,,val,,,
ISIC_5620836,train,,,,val,,,,val,,,
ISIC_5621105,train,,,,train,,,,train,,,
ISIC_5625641,train,,,,train,,,,train,,,
ISIC_5627042,,,,,test,MONK 7,6.0,6.0,,,,
ISIC_5628000,,,,,val,,,,test,FITZPATRICK 2,2.0,1.0
ISIC_5631443,train,,,,train,,,,test,FITZPATRICK 3,2.0,2.0
ISIC_5636184,val,,,,val,,,,train,,,
ISIC_5638519,train,,,,test,MONK 1,1.0,0.0,train,,,
ISIC_5641335,train,,,,train,,,,test,FITZPATRICK 6,5.0,5.0
ISIC_5647259,train,,,,train,,,,train,,,
ISIC_5647304,,,,,val,,,,,,,
ISIC_5647673,,,,,val,,,,,,,
ISIC_5651895,train,,,,train,,,,train,,,
ISIC_5652805,test,MONK 2,2.0,1.0,,,,,val,,,
ISIC_5667621,,,,,,,,,test,FITZPATRICK 1,0.0,0.0
ISIC_5675054,train,,,,test,MONK 1,0.0,0.0,train,,,
ISIC_5678055,train,,,,train,,,,train,,,
ISIC_5682805,test,MONK 3,0.0,2.0,val,,,,train,,,
ISIC_5684400,test,MONK 6,5.0,5.0,,,,,,,,
ISIC_5686782,train,,,,train,,,,train,,,
ISIC_5695734,train,,,,train,,,,train,,,
ISIC_5697971,train,,,,train,,,,val,,,
ISIC_5701518,,,,,test,MONK 8,7.0,7.0,,,,
ISIC_5702157,,,,,,,,,test,FITZPATRICK 6,5.0,5.0
ISIC_5704503,test,MONK 2,1.0,1.0,train,,,,val,,,
ISIC_5710332,train,,,,test,MONK 2,1.0,1.0,train,,,
ISIC_5716748,,,,,val,,,,test,FITZPATRICK 6,4.0,5.0
ISIC_5722583,,,,,test,MONK 2,3.0,1.0,,,,
ISIC_5735565,test,MONK 1,1.0,0.0,,,,,test,FITZPATRICK 2,4.0,1.0
ISIC_5737015,,,,,val,,,,,,,
ISIC_5752139,,,,,test,MONK 1,0.0,0.0,val,,,
ISIC_5752763,train,,,,val,,,,val,,,
ISIC_5762067,train,,,,train,,,,train,,,
ISIC_5790160,train,,,,train,,,,train,,,
ISIC_5805137,train,,,,train,,,,train,,,
ISIC_5808987,,,,,val,,,,val,,,
ISIC_5825321,,,,,test,MONK 2,1.0,1.0,test,FITZPATRICK 2,1.0,1.0
ISIC_5833331,train,,,,val,,,,train,,,
ISIC_5852253,val,,,,train,,,,train,,,
ISIC_5864949,test,MONK 8,7.0,7.0,,,,,test,FITZPATRICK 6,5.0,5.0
ISIC_5868652,val,,,,test,MONK 4,0.0,3.0,train,,,
ISIC_5874786,train,,,,val,,,,train,,,
ISIC_5880956,,,,,,,,,test,FITZPATRICK 4,5.0,3.0
ISIC_5895126,,,,,,,,,test,FITZPATRICK 6,3.0,5.0
ISIC_5901617,val,,,,test,MONK 6,5.0,5.0,,,,
ISIC_5903747,train,,,,train,,,,train,,,
ISIC_5914647,val,,,,,,,,,,,
ISIC_5917692,val,,,,train,,,,train,,,
ISIC_5924804,val,,,,test,MONK 4,2.0,3.0,,,,
ISIC_5928388,val,,,,train,,,,train,,,
ISIC_5941232,,,,,val,,,,,,,
ISIC_5942899,train,,,,train,,,,train,,,
ISIC_5946801,train,,,,train,,,,train,,,
ISIC_5949917,train,,,,train,,,,val,,,
ISIC_5951006,train,,,,train,,,,train,,,
ISIC_5952841,test,MONK 2,1.0,1.0,,,,,,,,
ISIC_5958769,test,MONK 6,7.0,5.0,,,,,val,,,
ISIC_5969155,test,MONK 8,5.0,7.0,train,,,,train,,,
ISIC_5972775,train,,,,train,,,,train,,,
ISIC_5983792,,,,,test,MONK 4,4.0,3.0,test,FITZPATRICK 6,3.0,5.0
ISIC_5993799,val,,,,train,,,,test,FITZPATRICK 6,4.0,5.0
ISIC_5994694,,,,,test,MONK 4,2.0,3.0,,,,
ISIC_5999219,test,MONK 1,0.0,0.0,,,,,,,,
ISIC_6005942,test,MONK 1,1.0,0.0,train,,,,test,FITZPATRICK 2,4.0,1.0
ISIC_6008169,,,,,,,,,test,FITZPATRICK 2,1.0,1.0
ISIC_6015429,train,,,,train,,,,val,,,
ISIC_6015600,,,,,val,,,,,,,
ISIC_6018942,train,,,,val,,,,val,,,
ISIC_6027493,,,,,,,,,test,FITZPATRICK 2,1.0,1.0
ISIC_6027871,train,,,,test,MONK 4,5.0,3.0,test,FITZPATRICK 6,4.0,5.0
ISIC_6041952,train,,,,test,MONK 1,1.0,0.0,val,,,
ISIC_6049322,,,,,,,,,test,FITZPATRICK 6,4.0,5.0
ISIC_6050545,train,,,,train,,,,train,,,
ISIC_6051697,test,MONK 9,8.0,8.0,,,,,test,FITZPATRICK 5,5.0,4.0
ISIC_6052854,val,,,,train,,,,test,FITZPATRICK 2,2.0,1.0
ISIC_6055898,,,,,,,,,test,FITZPATRICK 2,1.0,1.0
ISIC_6057176,train,,,,train,,,,val,,,
ISIC_6066320,test,MONK 2,2.0,1.0,val,,,,test,FITZPATRICK 2,2.0,1.0
ISIC_6066603,test,MONK 4,2.0,3.0,,,,,,,,
ISIC_6099618,val,,,,,,,,,,,
ISIC_6103878,test,MONK 7,6.0,6.0,train,,,,train,,,
ISIC_6105152,test,MONK 8,6.0,7.0,test,MONK 7,7.0,6.0,train,,,
ISIC_6120024,train,,,,train,,,,train,,,
ISIC_6137814,val,,,,test,MONK 5,4.0,4.0,train,,,
ISIC_6152293,val,,,,train,,,,val,,,
ISIC_6157489,test,MONK 2,1.0,1.0,val,,,,,,,
ISIC_6164982,,,,,,,,,test,FITZPATRICK 6,5.0,5.0
ISIC_6166448,train,,,,train,,,,train,,,
ISIC_6168200,val,,,,test,MONK 1,0.0,0.0,,,,
ISIC_6169372,train,,,,train,,,,test,FITZPATRICK 6,4.0,5.0
ISIC_6171178,train,,,,test,MONK 2,3.0,1.0,train,,,
ISIC_6178306,train,,,,train,,,,val,,,
ISIC_6180897,val,,,,test,MONK 5,6.0,4.0,test,FITZPATRICK 6,5.0,5.0
ISIC_6207536,train,,,,train,,,,test,FITZPATRICK 2,1.0,1.0
ISIC_6211330,train,,,,train,,,,train,,,
ISIC_6213326,train,,,,train,,,,train,,,
ISIC_6226169,train,,,,train,,,,train,,,
ISIC_6233366,,,,,val,,,,,,,
ISIC_6235492,test,MONK 7,5.0,6.0,val,,,,train,,,
ISIC_6238009,test,MONK 2,2.0,1.0,,,,,test,FITZPATRICK 1,2.0,0.0
ISIC_6241099,,,,,val,,,,,,,
ISIC_6242772,train,,,,test,MONK 2,1.0,1.0,val,,,
ISIC_6246090,test,MONK 6,6.0,5.0,,,,,,,,
ISIC_6247061,test,MONK 4,1.0,3.0,test,MONK 2,1.0,1.0,,,,
ISIC_6247703,train,,,,train,,,,train,,,
ISIC_6252061,train,,,,train,,,,train,,,
ISIC_6254941,train,,,,train,,,,train,,,
ISIC_6278712,train,,,,val,,,,train,,,
ISIC_6278866,train,,,,train,,,,train,,,
ISIC_6282192,train,,,,val,,,,train,,,
ISIC_6297557,train,,,,train,,,,train,,,
ISIC_6299846,train,,,,train,,,,train,,,
ISIC_6302475,val,,,,,,,,,,,
ISIC_6307397,train,,,,train,,,,train,,,
ISIC_6308186,train,,,,val,,,,train,,,
ISIC_6317215,test,MONK 2,2.0,1.0,train,,,,train,,,
ISIC_6322698,train,,,,test,MONK 5,6.0,4.0,train,,,
ISIC_6355739,train,,,,train,,,,train,,,
ISIC_6362342,train,,,,test,MONK 2,2.0,1.0,train,,,
ISIC_6362969,train,,,,train,,,,train,,,
ISIC_6364805,train,,,,train,,,,val,,,
ISIC_6369402,val,,,,,,,,test,FITZPATRICK 2,2.0,1.0
ISIC_6373079,train,,,,train,,,,train,,,
ISIC_6375110,train,,,,train,,,,train,,,
ISIC_6380145,,,,,,,,,val,,,
ISIC_6382429,train,,,,test,MONK 5,5.0,4.0,test,FITZPATRICK 6,5.0,5.0
ISIC_6383189,train,,,,train,,,,train,,,
ISIC_6393581,train,,,,train,,,,train,,,
ISIC_6397230,val,,,,test,MONK 7,6.0,6.0,,,,
ISIC_6397973,train,,,,val,,,,val,,,
ISIC_6398865,,,,,val,,,,,,,
ISIC_6403421,val,,,,,,,,,,,
ISIC_6412952,train,,,,train,,,,train,,,
ISIC_6416258,train,,,,train,,,,test,FITZPATRICK 2,1.0,1.0
ISIC_6419818,val,,,,,,,,,,,
ISIC_6428553,train,,,,train,,,,train,,,
ISIC_6431538,test,MONK 1,0.0,0.0,val,,,,val,,,
ISIC_6433010,,,,,val,,,,,,,
ISIC_6439554,train,,,,test,MONK 3,3.0,2.0,train,,,
ISIC_6445726,train,,,,test,MONK 3,2.0,2.0,test,FITZPATRICK 2,0.0,1.0
ISIC_6445982,train,,,,train,,,,train,,,
ISIC_6470845,train,,,,train,,,,train,,,
ISIC_6473919,test,MONK 7,4.0,6.0,,,,,test,FITZPATRICK 5,4.0,4.0
ISIC_6474207,,,,,val,,,,,,,
ISIC_6474740,val,,,,test,MONK 1,1.0,0.0,,,,
ISIC_6475429,test,MONK 6,5.0,5.0,val,,,,test,FITZPATRICK 6,4.0,5.0
ISIC_6475590,val,,,,train,,,,train,,,
ISIC_6483185,val,,,,train,,,,train,,,
ISIC_6492859,,,,,,,,,test,FITZPATRICK 3,3.0,2.0
ISIC_6498688,train,,,,train,,,,train,,,
ISIC_6504193,val,,,,train,,,,train,,,
ISIC_6505074,,,,,test,MONK 3,2.0,2.0,,,,
ISIC_6508919,train,,,,train,,,,train,,,
ISIC_6529153,train,,,,train,,,,test,FITZPATRICK 4,3.0,3.0
ISIC_6531418,val,,,,val,,,,train,,,
ISIC_6534377,train,,,,train,,,,train,,,
ISIC_6536435,train,,,,train,,,,train,,,
ISIC_6538734,test,MONK 4,3.0,3.0,train,,,,train,,,
ISIC_6541492,,,,,,,,,test,FITZPATRICK 2,1.0,1.0
ISIC_6542308,val,,,,,,,,,,,
ISIC_6555172,test,MONK 2,2.0,1.0,val,,,,test,FITZPATRICK 2,2.0,1.0
ISIC_6568502,train,,,,val,,,,train,,,
ISIC_6569157,train,,,,val,,,,train,,,
ISIC_6570533,val,,,,val,,,,train,,,
ISIC_6580013,train,,,,train,,,,train,,,
ISIC_6590783,,,,,,,,,test,FITZPATRICK 6,4.0,5.0
ISIC_6598495,train,,,,train,,,,train,,,
ISIC_6603464,,,,,test,MONK 3,2.0,2.0,,,,
ISIC_6615320,val,,,,,,,,,,,
ISIC_6620301,,,,,val,,,,val,,,
ISIC_6624010,train,,,,train,,,,train,,,
ISIC_6624598,val,,,,val,,,,val,,,
ISIC_6628459,val,,,,,,,,,,,
ISIC_6634248,val,,,,train,,,,train,,,
ISIC_6644432,train,,,,train,,,,train,,,
ISIC_6646003,test,MONK 7,4.0,6.0,val,,,,,,,
ISIC_6649809,test,MONK 7,6.0,6.0,val,,,,train,,,
ISIC_6654333,train,,,,train,,,,train,,,
ISIC_6669950,train,,,,train,,,,test,FITZPATRICK 4,3.0,3.0
ISIC_6683101,val,,,,,,,,,,,
ISIC_6688204,train,,,,train,,,,train,,,
ISIC_6691075,,,,,,,,,val,,,
ISIC_6696857,train,,,,train,,,,test,FITZPATRICK 4,5.0,3.0
ISIC_6701711,test,MONK 2,1.0,1.0,val,,,,train,,,
ISIC_6703054,train,,,,train,,,,train,,,
ISIC_6718269,test,MONK 4,1.0,3.0,,,,,,,,
ISIC_6721503,train,,,,train,,,,train,,,
ISIC_6723685,,,,,test,MONK 2,1.0,1.0,,,,
ISIC_6724090,train,,,,train,,,,test,FITZPATRICK 6,5.0,5.0
ISIC_6727281,val,,,,train,,,,train,,,
ISIC_6738261,,,,,,,,,val,,,
ISIC_6739268,test,MONK 7,5.0,6.0,train,,,,train,,,
ISIC_6741115,,,,,val,,,,,,,
ISIC_6742737,test,MONK 5,3.0,4.0,,,,,,,,
ISIC_6744088,train,,,,val,,,,train,,,
ISIC_6745908,train,,,,val,,,,test,FITZPATRICK 6,4.0,5.0
ISIC_6746807,,,,,test,MONK 4,3.0,3.0,,,,
ISIC_6747287,,,,,,,,,test,FITZPATRICK 6,5.0,5.0
ISIC_6767622,train,,,,train,,,,val,,,
ISIC_6768325,val,,,,train,,,,test,FITZPATRICK 2,3.0,1.0
ISIC_6770195,train,,,,val,,,,train,,,
ISIC_6775401,test,MONK 1,0.0,0.0,,,,,test,FITZPATRICK 2,0.0,1.0
ISIC_6776955,train,,,,train,,,,train,,,
ISIC_6779620,train,,,,train,,,,train,,,
ISIC_6784966,test,MONK 7,6.0,6.0,test,MONK 5,7.0,4.0,train,,,
ISIC_6786642,,,,,val,,,,,,,
ISIC_6790488,train,,,,train,,,,train,,,
ISIC_6791041,test,MONK 7,6.0,6.0,train,,,,train,,,
ISIC_6793641,,,,,test,MONK 7,5.0,6.0,,,,
ISIC_6810067,train,,,,test,MONK 7,6.0,6.0,train,,,
ISIC_6813768,train,,,,test,MONK 2,3.0,1.0,train,,,
ISIC_6827822,train,,,,val,,,,train,,,
ISIC_6833224,train,,,,val,,,,train,,,
ISIC_6835668,train,,,,train,,,,train,,,
ISIC_6838957,test,MONK 4,2.0,3.0,,,,,,,,
ISIC_6840319,val,,,,test,MONK 6,5.0,5.0,,,,
ISIC_6845165,val,,,,,,,,val,,,
ISIC_6847627,train,,,,val,,,,train,,,
ISIC_6856874,val,,,,train,,,,train,,,
ISIC_6862798,test,MONK 1,0.0,0.0,,,,,,,,
ISIC_6863206,,,,,val,,,,,,,
ISIC_6868807,test,MONK 8,4.0,7.0,val,,,,test,FITZPATRICK 5,4.0,4.0
ISIC_6869776,test,MONK 3,1.0,2.0,train,,,,train,,,
ISIC_6870545,val,,,,train,,,,train,,,
ISIC_6872760,train,,,,train,,,,train,,,
ISIC_6875751,val,,,,,,,,val,,,
ISIC_6880313,val,,,,train,,,,train,,,
ISIC_6886157,test,MONK 6,4.0,5.0,val,,,,train,,,
ISIC_6890070,,,,,,,,,test,FITZPATRICK 4,3.0,3.0
ISIC_6897847,test,MONK 2,0.0,1.0,train,,,,train,,,
ISIC_6898357,train,,,,train,,,,train,,,
ISIC_6899425,,,,,test,MONK 2,1.0,1.0,,,,
ISIC_6899432,train,,,,train,,,,train,,,
ISIC_6916623,test,MONK 9,6.0,8.0,val,,,,train,,,
ISIC_6925720,train,,,,train,,,,test,FITZPATRICK 3,2.0,2.0
ISIC_6928409,train,,,,train,,,,train,,,
ISIC_6928822,test,MONK 3,1.0,2.0,train,,,,test,FITZPATRICK 2,4.0,1.0
ISIC_6934929,,,,,val,,,,test,FITZPATRICK 6,4.0,5.0
ISIC_6951576,test,MONK 1,1.0,0.0,val,,,,,,,
ISIC_6961665,train,,,,train,,,,train,,,
ISIC_6970606,train,,,,train,,,,val,,,
ISIC_6996673,test,MONK 6,4.0,5.0,train,,,,train,,,
ISIC_6998962,,,,,test,MONK 5,4.0,4.0,val,,,
ISIC_7003751,train,,,,train,,,,test,FITZPATRICK 4,5.0,3.0
ISIC_7019530,val,,,,,,,,,,,
ISIC_7020171,train,,,,train,,,,train,,,
ISIC_7022893,,,,,,,,,test,FITZPATRICK 2,1.0,1.0
ISIC_7025495,train,,,,val,,,,train,,,
ISIC_7031440,,,,,val,,,,val,,,
ISIC_7039843,test,MONK 7,4.0,6.0,,,,,,,,
ISIC_7044589,train,,,,train,,,,train,,,
ISIC_7059066,val,,,,,,,,,,,
ISIC_7060580,train,,,,train,,,,train,,,
ISIC_7062718,,,,,,,,,test,FITZPATRICK 2,0.0,1.0
ISIC_7065889,,,,,test,MONK 5,5.0,4.0,test,FITZPATRICK 4,4.0,3.0
ISIC_7071578,,,,,,,,,val,,,
ISIC_7075171,val,,,,,,,,test,FITZPATRICK 2,2.0,1.0
ISIC_7082429,train,,,,train,,,,train,,,
ISIC_7084003,val,,,,train,,,,test,FITZPATRICK 5,5.0,4.0
ISIC_7090634,train,,,,test,MONK 7,6.0,6.0,train,,,
ISIC_7099578,val,,,,val,,,,val,,,
ISIC_7100852,val,,,,train,,,,train,,,
ISIC_7123001,,,,,val,,,,,,,
ISIC_7123319,,,,,test,MONK 2,1.0,1.0,,,,
ISIC_7131382,val,,,,train,,,,test,FITZPATRICK 5,4.0,4.0
ISIC_7135363,train,,,,train,,,,train,,,
ISIC_7136910,,,,,,,,,test,FITZPATRICK 1,0.0,0.0
ISIC_7169503,test,MONK 4,3.0,3.0,test,MONK 3,2.0,2.0,train,,,
ISIC_7169858,val,,,,,,,,,,,
ISIC_7180190,val,,,,,,,,,,,
ISIC_7195115,train,,,,train,,,,train,,,
ISIC_7208298,,,,,val,,,,,,,
ISIC_7221788,train,,,,train,,,,train,,,
ISIC_7225956,train,,,,train,,,,val,,,
ISIC_7234836,train,,,,train,,,,train,,,
ISIC_7240045,,,,,test,MONK 3,1.0,2.0,,,,
ISIC_7254660,val,,,,,,,,,,,
ISIC_7258879,test,MONK 4,2.0,3.0,train,,,,test,FITZPATRICK 2,1.0,1.0
ISIC_7265164,,,,,,,,,test,FITZPATRICK 2,3.0,1.0
ISIC_7269955,,,,,,,,,test,FITZPATRICK 6,4.0,5.0
ISIC_7270492,train,,,,val,,,,train,,,
ISIC_7270565,test,MONK 4,3.0,3.0,val,,,,,,,
ISIC_7271315,train,,,,train,,,,train,,,
ISIC_7276942,,,,,test,MONK 1,0.0,0.0,test,FITZPATRICK 2,0.0,1.0
ISIC_7279327,,,,,test,MONK 5,4.0,4.0,,,,
ISIC_7284306,,,,,test,MONK 1,0.0,0.0,test,FITZPATRICK 1,0.0,0.0
ISIC_7308065,train,,,,val,,,,train,,,
ISIC_7312295,train,,,,train,,,,train,,,
ISIC_7313173,train,,,,train,,,,val,,,
ISIC_7329605,train,,,,train,,,,val,,,
ISIC_7329943,val,,,,train,,,,train,,,
ISIC_7333660,train,,,,test,MONK 7,1.0,6.0,train,,,
ISIC_7344990,val,,,,train,,,,train,,,
ISIC_7350946,,,,,test,MONK 3,2.0,2.0,test,FITZPATRICK 2,0.0,1.0
ISIC_7354767,val,,,,val,,,,train,,,
ISIC_7361534,test,MONK 2,1.0,1.0,,,,,val,,,
ISIC_7366114,train,,,,train,,,,train,,,
ISIC_7373006,train,,,,train,,,,val,,,
ISIC_7380910,train,,,,train,,,,train,,,
ISIC_7391247,train,,,,train,,,,train,,,
ISIC_7393259,train,,,,test,MONK 5,4.0,4.0,test,FITZPATRICK 4,3.0,3.0
ISIC_7394617,train,,,,val,,,,val,,,
ISIC_7399730,,,,,test,MONK 8,8.0,7.0,,,,
ISIC_7404527,val,,,,,,,,,,,
ISIC_7405346,,,,,val,,,,,,,
ISIC_7409023,val,,,,,,,,,,,
ISIC_7409748,train,,,,train,,,,train,,,
ISIC_7411645,,,,,,,,,val,,,
ISIC_7421877,train,,,,train,,,,val,,,
ISIC_7422022,train,,,,train,,,,train,,,
ISIC_7430265,,,,,val,,,,,,,
ISIC_7437491,val,,,,train,,,,train,,,
ISIC_7442981,val,,,,val,,,,test,FITZPATRICK 2,0.0,1.0
ISIC_7450798,test,MONK 7,7.0,6.0,train,,,,train,,,
ISIC_7452602,train,,,,train,,,,train,,,
ISIC_7466976,test,MONK 3,3.0,2.0,test,MONK 6,3.0,5.0,test,FITZPATRICK 3,2.0,2.0
ISIC_7480491,train,,,,train,,,,train,,,
ISIC_7489111,val,,,,,,,,,,,
ISIC_7489114,train,,,,train,,,,test,FITZPATRICK 1,2.0,0.0
ISIC_7489543,train,,,,train,,,,train,,,
ISIC_7489567,test,MONK 6,6.0,5.0,,,,,,,,
ISIC_7497206,val,,,,val,,,,test,FITZPATRICK 2,0.0,1.0
ISIC_7507377,train,,,,train,,,,train,,,
ISIC_7512945,val,,,,train,,,,train,,,
ISIC_7520573,,,,,test,MONK 1,0.0,0.0,val,,,
ISIC_7522372,train,,,,train,,,,train,,,
ISIC_7529406,train,,,,train,,,,val,,,
ISIC_7535701,,,,,val,,,,,,,
ISIC_7547891,test,MONK 7,5.0,6.0,val,,,,test,FITZPATRICK 6,4.0,5.0
ISIC_7554266,val,,,,test,MONK 6,5.0,5.0,train,,,
ISIC_7563657,test,MONK 3,4.0,2.0,,,,,test,FITZPATRICK 4,4.0,3.0
ISIC_7564734,train,,,,train,,,,train,,,
ISIC_7564818,train,,,,train,,,,test,FITZPATRICK 6,5.0,5.0
ISIC_7577608,val,,,,train,,,,val,,,
ISIC_7585146,train,,,,train,,,,train,,,
ISIC_7585574,,,,,val,,,,,,,
ISIC_7587061,test,MONK 6,3.0,5.0,test,MONK 5,3.0,4.0,val,,,
ISIC_7592605,train,,,,train,,,,train,,,
ISIC_7594921,test,MONK 8,8.0,7.0,,,,,,,,
ISIC_7601607,train,,,,train,,,,train,,,
ISIC_7605345,train,,,,train,,,,train,,,
ISIC_7605930,train,,,,train,,,,train,,,
ISIC_7621546,train,,,,val,,,,train,,,
ISIC_7635232,train,,,,val,,,,train,,,
ISIC_7638100,train,,,,test,MONK 2,0.0,1.0,train,,,
ISIC_7641092,val,,,,,,,,,,,
ISIC_7656521,val,,,,,,,,,,,
ISIC_7657671,test,MONK 4,2.0,3.0,,,,,,,,
ISIC_7683351,val,,,,,,,,,,,
ISIC_7689263,train,,,,train,,,,val,,,
ISIC_7709009,,,,,val,,,,,,,
ISIC_7712471,train,,,,train,,,,train,,,
ISIC_7719081,train,,,,train,,,,test,FITZPATRICK 6,5.0,5.0
ISIC_7722805,test,MONK 8,3.0,7.0,test,MONK 6,4.0,5.0,val,,,
ISIC_7727173,val,,,,train,,,,train,,,
ISIC_7727617,train,,,,train,,,,test,FITZPATRICK 6,5.0,5.0
ISIC_7731217,train,,,,train,,,,test,FITZPATRICK 3,3.0,2.0
ISIC_7736854,,,,,,,,,test,FITZPATRICK 4,3.0,3.0
ISIC_7753654,test,MONK 1,1.0,0.0,test,MONK 1,1.0,0.0,train,,,
ISIC_7758951,test,MONK 4,4.0,3.0,,,,,test,FITZPATRICK 4,4.0,3.0
ISIC_7761374,train,,,,train,,,,train,,,
ISIC_7765318,train,,,,train,,,,test,FITZPATRICK 1,0.0,0.0
ISIC_7770060,val,,,,train,,,,train,,,
ISIC_7773066,test,MONK 8,6.0,7.0,test,MONK 7,7.0,6.0,,,,
ISIC_7780754,val,,,,train,,,,train,,,
ISIC_7781495,train,,,,train,,,,train,,,
ISIC_7785915,val,,,,train,,,,train,,,
ISIC_7794626,,,,,,,,,test,FITZPATRICK 1,1.0,0.0
ISIC_7799568,,,,,test,MONK 7,6.0,6.0,,,,
ISIC_7800919,,,,,val,,,,test,FITZPATRICK 3,2.0,2.0
ISIC_7805884,train,,,,train,,,,train,,,
ISIC_7818363,,,,,test,MONK 9,7.0,8.0,,,,
ISIC_7823422,val,,,,,,,,,,,
ISIC_7826062,train,,,,train,,,,train,,,
ISIC_7841311,test,MONK 4,6.0,3.0,test,MONK 4,7.0,3.0,,,,
ISIC_7841703,val,,,,,,,,test,FITZPATRICK 6,5.0,5.0
ISIC_7842787,train,,,,train,,,,train,,,
ISIC_7864870,train,,,,train,,,,train,,,
ISIC_7878042,train,,,,train,,,,train,,,
ISIC_7888400,,,,,val,,,,val,,,
ISIC_7888905,train,,,,train,,,,train,,,
ISIC_7899885,,,,,val,,,,,,,
ISIC_7904271,train,,,,train,,,,val,,,
ISIC_7909439,val,,,,train,,,,val,,,
ISIC_7933383,,,,,,,,,val,,,
ISIC_7936659,train,,,,test,MONK 5,4.0,4.0,val,,,
ISIC_7939380,train,,,,val,,,,test,FITZPATRICK 3,2.0,2.0
ISIC_7940926,val,,,,train,,,,train,,,
ISIC_7944676,test,MONK 3,1.0,2.0,test,MONK 3,1.0,2.0,,,,
ISIC_7948710,train,,,,train,,,,train,,,
ISIC_7960853,val,,,,val,,,,,,,
ISIC_7963852,train,,,,test,MONK 7,5.0,6.0,train,,,
ISIC_7970216,train,,,,train,,,,train,,,
ISIC_7973772,train,,,,test,MONK 3,2.0,2.0,test,FITZPATRICK 5,3.0,4.0
ISIC_7986779,train,,,,test,MONK 1,1.0,0.0,train,,,
ISIC_7990454,test,MONK 3,3.0,2.0,,,,,test,FITZPATRICK 3,3.0,2.0
ISIC_7992543,,,,,test,MONK 1,0.0,0.0,,,,
ISIC_7999019,train,,,,test,MONK 3,2.0,2.0,train,,,
ISIC_8000858,val,,,,,,,,,,,
ISIC_8002342,test,MONK 2,1.0,1.0,test,MONK 1,0.0,0.0,val,,,
ISIC_8004485,train,,,,test,MONK 3,2.0,2.0,train,,,
ISIC_8013760,,,,,,,,,test,FITZPATRICK 1,2.0,0.0
ISIC_8014555,train,,,,train,,,,train,,,
ISIC_8015114,test,MONK 7,6.0,6.0,train,,,,train,,,
ISIC_8056432,train,,,,train,,,,train,,,
ISIC_8079421,train,,,,val,,,,train,,,
ISIC_8090647,train,,,,train,,,,train,,,
ISIC_8096551,train,,,,train,,,,train,,,
ISIC_8106667,train,,,,train,,,,test,FITZPATRICK 3,2.0,2.0
ISIC_8110747,test,MONK 1,1.0,0.0,,,,,val,,,
ISIC_8116750,test,MONK 1,1.0,0.0,train,,,,train,,,
ISIC_8117698,,,,,test,MONK 1,0.0,0.0,,,,
ISIC_8120909,train,,,,train,,,,train,,,
ISIC_8125581,test,MONK 2,1.0,1.0,,,,,,,,
ISIC_8144353,train,,,,train,,,,train,,,
ISIC_8144619,val,,,,train,,,,train,,,
ISIC_8146076,train,,,,train,,,,train,,,
ISIC_8149744,train,,,,train,,,,train,,,
ISIC_8159782,val,,,,,,,,test,FITZPATRICK 2,3.0,1.0
ISIC_8170278,,,,,val,,,,,,,
ISIC_8171081,train,,,,train,,,,train,,,
ISIC_8175765,train,,,,val,,,,test,FITZPATRICK 3,2.0,2.0
ISIC_8177202,test,MONK 2,1.0,1.0,train,,,,train,,,
ISIC_8182227,train,,,,train,,,,val,,,
ISIC_8197301,test,MONK 6,6.0,5.0,train,,,,train,,,
ISIC_8204718,train,,,,train,,,,train,,,
ISIC_8212065,test,MONK 7,6.0,6.0,val,,,,,,,
ISIC_8212340,,,,,test,MONK 3,3.0,2.0,,,,
ISIC_8214155,val,,,,test,MONK 7,4.0,6.0,,,,
ISIC_8224541,train,,,,train,,,,test,FITZPATRICK 5,3.0,4.0
ISIC_8232537,test,MONK 9,8.0,8.0,train,,,,train,,,
ISIC_8233421,train,,,,test,MONK 2,2.0,1.0,train,,,
ISIC_8241218,val,,,,val,,,,,,,
ISIC_8242033,train,,,,train,,,,val,,,
ISIC_8250601,val,,,,,,,,test,FITZPATRICK 6,5.0,5.0
ISIC_8258104,,,,,val,,,,,,,
ISIC_8275584,train,,,,train,,,,val,,,
ISIC_8287904,train,,,,train,,,,val,,,
ISIC_8287916,test,MONK 3,2.0,2.0,train,,,,train,,,
ISIC_8287950,test,MONK 6,6.0,5.0,test,MONK 7,6.0,6.0,val,,,
ISIC_8299709,train,,,,train,,,,val,,,
ISIC_8301134,,,,,test,MONK 7,5.0,6.0,,,,
ISIC_8301746,,,,,,,,,val,,,
ISIC_8302291,train,,,,train,,,,val,,,
ISIC_8307630,val,,,,test,MONK 1,1.0,0.0,train,,,
ISIC_8320653,val,,,,train,,,,train,,,
ISIC_8338492,,,,,test,MONK 5,4.0,4.0,val,,,
ISIC_8351324,train,,,,train,,,,train,,,
ISIC_8357322,,,,,test,MONK 2,1.0,1.0,,,,
ISIC_8368057,train,,,,test,MONK 7,5.0,6.0,train,,,
ISIC_8380111,val,,,,test,MONK 4,0.0,3.0,train,,,
ISIC_8387095,train,,,,train,,,,test,FITZPATRICK 4,1.0,3.0
ISIC_8388829,test,MONK 7,5.0,6.0,val,,,,,,,
ISIC_8397733,,,,,test,MONK 2,2.0,1.0,test,FITZPATRICK 2,3.0,1.0
ISIC_8397771,,,,,,,,,test,FITZPATRICK 6,4.0,5.0
ISIC_8412551,train,,,,test,MONK 5,3.0,4.0,val,,,
ISIC_8412714,,,,,test,MONK 5,4.0,4.0,,,,
ISIC_8413868,train,,,,val,,,,train,,,
ISIC_8442471,,,,,test,MONK 8,8.0,7.0,,,,
ISIC_8446054,test,MONK 3,2.0,2.0,val,,,,test,FITZPATRICK 2,2.0,1.0
ISIC_8446334,train,,,,test,MONK 5,6.0,4.0,train,,,
ISIC_8454689,,,,,,,,,test,FITZPATRICK 5,3.0,4.0
ISIC_8454943,train,,,,train,,,,train,,,
ISIC_8455147,test,MONK 3,2.0,2.0,train,,,,train,,,
ISIC_8462151,,,,,,,,,train,,,
ISIC_8469595,,,,,test,MONK 7,5.0,6.0,,,,
ISIC_8471114,val,,,,train,,,,train,,,
ISIC_8481180,test,MONK 2,1.0,1.0,val,,,,,,,
ISIC_8484431,train,,,,test,MONK 7,6.0,6.0,train,,,
ISIC_8484855,val,,,,,,,,,,,
ISIC_8487689,val,,,,train,,,,train,,,
ISIC_8498141,test,MONK 2,1.0,1.0,val,,,,,,,
ISIC_8501753,train,,,,train,,,,val,,,
ISIC_8506079,train,,,,train,,,,val,,,
ISIC_8513066,train,,,,test,MONK 7,5.0,6.0,test,FITZPATRICK 6,4.0,5.0
ISIC_8518330,train,,,,train,,,,train,,,
ISIC_8522577,val,,,,,,,,,,,
ISIC_8534815,train,,,,train,,,,test,FITZPATRICK 3,2.0,2.0
ISIC_8541100,train,,,,train,,,,train,,,
ISIC_8543836,train,,,,val,,,,train,,,
ISIC_8544351,,,,,val,,,,,,,
ISIC_8552092,train,,,,train,,,,train,,,
ISIC_8562534,test,MONK 4,3.0,3.0,train,,,,train,,,
ISIC_8567146,train,,,,val,,,,train,,,
ISIC_8575737,,,,,,,,,val,,,
ISIC_8580808,,,,,test,MONK 3,3.0,2.0,,,,
ISIC_8589093,train,,,,train,,,,val,,,
ISIC_8597026,val,,,,train,,,,val,,,
ISIC_8598881,test,MONK 7,5.0,6.0,val,,,,,,,
ISIC_8599412,val,,,,,,,,val,,,
ISIC_8611729,,,,,val,,,,,,,
ISIC_8612788,test,MONK 4,4.0,3.0,train,,,,test,FITZPATRICK 4,4.0,3.0
ISIC_8620596,train,,,,train,,,,train,,,
ISIC_8626187,,,,,,,,,test,FITZPATRICK 2,4.0,1.0
ISIC_8627428,,,,,val,,,,test,FITZPATRICK 2,1.0,1.0
ISIC_8632570,train,,,,train,,,,val,,,
ISIC_8634117,val,,,,,,,,val,,,
ISIC_8636619,test,MONK 1,1.0,0.0,train,,,,val,,,
ISIC_8649925,train,,,,train,,,,train,,,
ISIC_8658646,train,,,,test,MONK 5,4.0,4.0,test,FITZPATRICK 4,3.0,3.0
ISIC_8660527,train,,,,test,MONK 4,0.0,3.0,train,,,
ISIC_8679693,train,,,,train,,,,val,,,
ISIC_8684746,test,MONK 4,2.0,3.0,,,,,,,,
ISIC_8695718,train,,,,test,MONK 9,8.0,8.0,train,,,
ISIC_8699806,val,,,,train,,,,train,,,
ISIC_8703319,train,,,,train,,,,test,FITZPATRICK 2,0.0,1.0
ISIC_8722627,test,MONK 2,1.0,1.0,train,,,,train,,,
ISIC_8732235,train,,,,val,,,,test,FITZPATRICK 3,2.0,2.0
ISIC_8739229,val,,,,test,MONK 4,2.0,3.0,,,,
ISIC_8749355,train,,,,train,,,,train,,,
ISIC_8757077,test,MONK 6,6.0,5.0,,,,,val,,,
ISIC_8766774,train,,,,train,,,,train,,,
ISIC_8774845,train,,,,train,,,,train,,,
ISIC_8776362,val,,,,,,,,,,,
ISIC_8782964,test,MONK 6,7.0,5.0,train,,,,val,,,
ISIC_8788046,val,,,,,,,,,,,
ISIC_8789507,,,,,,,,,val,,,
ISIC_8790277,val,,,,,,,,,,,
ISIC_8793583,,,,,,,,,test,FITZPATRICK 3,3.0,2.0
ISIC_8794177,train,,,,train,,,,val,,,
ISIC_8816873,test,MONK 5,4.0,4.0,val,,,,test,FITZPATRICK 5,4.0,4.0
ISIC_8817808,train,,,,train,,,,train,,,
ISIC_8819283,train,,,,val,,,,val,,,
ISIC_8827276,val,,,,val,,,,test,FITZPATRICK 6,5.0,5.0
ISIC_8829495,train,,,,train,,,,val,,,
ISIC_8835924,val,,,,,,,,val,,,
ISIC_8842872,train,,,,train,,,,train,,,
ISIC_8846577,test,MONK 7,6.0,6.0,val,,,,,,,
ISIC_8852622,val,,,,test,MONK 3,3.0,2.0,train,,,
ISIC_8853387,test,MONK 2,3.0,1.0,train,,,,train,,,
ISIC_8875079,val,,,,train,,,,val,,,
ISIC_8877991,test,MONK 1,1.0,0.0,val,,,,,,,
ISIC_8887382,train,,,,test,MONK 9,8.0,8.0,train,,,
ISIC_8892928,train,,,,test,MONK 1,0.0,0.0,train,,,
ISIC_8899084,,,,,,,,,val,,,
ISIC_8900573,val,,,,val,,,,,,,
ISIC_8902172,,,,,,,,,test,FITZPATRICK 4,3.0,3.0
ISIC_8902614,train,,,,test,MONK 1,0.0,0.0,train,,,
ISIC_8904364,train,,,,train,,,,train,,,
ISIC_8904673,train,,,,val,,,,test,FITZPATRICK 3,2.0,2.0
ISIC_8905883,train,,,,val,,,,train,,,
ISIC_8908472,train,,,,train,,,,val,,,
ISIC_8919678,,,,,val,,,,,,,
ISIC_8933900,train,,,,train,,,,train,,,
ISIC_8934825,train,,,,test,MONK 3,3.0,2.0,train,,,
ISIC_8941604,train,,,,train,,,,val,,,
ISIC_8951252,test,MONK 4,3.0,3.0,test,MONK 3,2.0,2.0,,,,
ISIC_8961492,val,,,,test,MONK 1,0.0,0.0,,,,
ISIC_8965677,train,,,,train,,,,train,,,
ISIC_8969446,test,MONK 6,7.0,5.0,train,,,,train,,,
ISIC_8976959,train,,,,train,,,,train,,,
ISIC_8982860,val,,,,,,,,,,,
ISIC_8989729,val,,,,,,,,val,,,
ISIC_8990898,test,MONK 3,3.0,2.0,,,,,,,,
ISIC_8994279,,,,,val,,,,,,,
ISIC_8999486,,,,,,,,,val,,,
ISIC_9004553,val,,,,val,,,,train,,,
ISIC_9013286,train,,,,train,,,,test,FITZPATRICK 2,4.0,1.0
ISIC_9013866,,,,,val,,,,,,,
ISIC_9023595,val,,,,test,MONK 4,3.0,3.0,,,,
ISIC_9030448,test,MONK 7,6.0,6.0,train,,,,train,,,
ISIC_9034280,,,,,,,,,test,FITZPATRICK 1,0.0,0.0
ISIC_9038937,,,,,test,MONK 4,1.0,3.0,val,,,
ISIC_9047722,train,,,,train,,,,train,,,
ISIC_9057928,train,,,,train,,,,train,,,
ISIC_9071212,val,,,,train,,,,train,,,
ISIC_9072993,train,,,,train,,,,val,,,
ISIC_9082064,val,,,,train,,,,val,,,
ISIC_9087322,train,,,,train,,,,train,,,
ISIC_9094369,train,,,,train,,,,train,,,
ISIC_9109841,train,,,,train,,,,train,,,
ISIC_9111310,train,,,,train,,,,train,,,
ISIC_9113651,train,,,,train,,,,val,,,
ISIC_9121129,,,,,,,,,val,,,
ISIC_9125508,test,MONK 1,0.0,0.0,,,,,test,FITZPATRICK 6,2.0,5.0
ISIC_9128053,val,,,,,,,,,,,
ISIC_9132905,train,,,,train,,,,train,,,
ISIC_9134758,train,,,,train,,,,train,,,
ISIC_9137382,val,,,,test,MONK 4,3.0,3.0,,,,
ISIC_9145283,,,,,val,,,,test,FITZPATRICK 3,2.0,2.0
ISIC_9147412,,,,,,,,,test,FITZPATRICK 6,3.0,5.0
ISIC_9148461,train,,,,test,MONK 2,1.0,1.0,train,,,
ISIC_9148773,val,,,,train,,,,val,,,
ISIC_9153144,test,MONK 2,0.0,1.0,,,,,test,FITZPATRICK 6,2.0,5.0
ISIC_9154442,train,,,,val,,,,train,,,
ISIC_9171955,train,,,,train,,,,train,,,
ISIC_9175400,train,,,,val,,,,train,,,
ISIC_9181785,test,MONK 2,0.0,1.0,train,,,,test,FITZPATRICK 1,2.0,0.0
ISIC_9186608,,,,,,,,,test,FITZPATRICK 2,1.0,1.0
ISIC_9188262,test,MONK 8,7.0,7.0,train,,,,test,FITZPATRICK 6,5.0,5.0
ISIC_9196914,,,,,,,,,test,FITZPATRICK 2,3.0,1.0
ISIC_9198977,test,MONK 4,2.0,3.0,,,,,,,,
ISIC_9201137,val,,,,test,MONK 5,4.0,4.0,val,,,
ISIC_9202084,,,,,val,,,,,,,
ISIC_9205540,,,,,val,,,,,,,
ISIC_9211178,,,,,test,MONK 4,1.0,3.0,val,,,
ISIC_9221901,test,MONK 4,4.0,3.0,,,,,,,,
ISIC_9231360,train,,,,train,,,,val,,,
ISIC_9232085,train,,,,train,,,,train,,,
ISIC_9236947,train,,,,val,,,,val,,,
ISIC_9246804,train,,,,train,,,,train,,,
ISIC_9247421,train,,,,train,,,,test,FITZPATRICK 6,5.0,5.0
ISIC_9249796,val,,,,,,,,val,,,
ISIC_9255171,,,,,val,,,,,,,
ISIC_9258237,test,MONK 2,1.0,1.0,test,MONK 2,0.0,1.0,val,,,
ISIC_9264432,train,,,,train,,,,train,,,
ISIC_9266271,test,MONK 6,4.0,5.0,,,,,,,,
ISIC_9275827,train,,,,train,,,,train,,,
ISIC_9280345,train,,,,val,,,,val,,,
ISIC_9280744,test,MONK 2,1.0,1.0,val,,,,,,,
ISIC_9282363,,,,,test,MONK 5,4.0,4.0,test,FITZPATRICK 4,3.0,3.0
ISIC_9286031,test,MONK 6,4.0,5.0,val,,,,,,,
ISIC_9291582,,,,,,,,,val,,,
ISIC_9292293,,,,,,,,,test,FITZPATRICK 3,2.0,2.0
ISIC_9295776,test,MONK 6,4.0,5.0,,,,,,,,
ISIC_9316284,train,,,,test,MONK 7,5.0,6.0,train,,,
ISIC_9322011,test,MONK 2,2.0,1.0,val,,,,test,FITZPATRICK 2,2.0,1.0
ISIC_9323040,val,,,,test,MONK 9,6.0,8.0,val,,,
ISIC_9327300,train,,,,test,MONK 7,5.0,6.0,train,,,
ISIC_9331910,val,,,,,,,,,,,
ISIC_9337120,train,,,,val,,,,val,,,
ISIC_9346984,train,,,,test,MONK 7,4.0,6.0,train,,,
ISIC_9351856,test,MONK 4,1.0,3.0,train,,,,train,,,
ISIC_9371522,test,MONK 7,4.0,6.0,train,,,,train,,,
ISIC_9372034,train,,,,train,,,,test,FITZPATRICK 2,1.0,1.0
ISIC_9372184,train,,,,train,,,,val,,,
ISIC_9379876,val,,,,,,,,val,,,
ISIC_9387602,test,MONK 4,2.0,3.0,,,,,val,,,
ISIC_9390411,,,,,,,,,test,FITZPATRICK 2,1.0,1.0
ISIC_9395007,val,,,,,,,,,,,
ISIC_9408127,train,,,,train,,,,test,FITZPATRICK 6,4.0,5.0
ISIC_9427135,val,,,,train,,,,train,,,
ISIC_9428590,train,,,,train,,,,train,,,
ISIC_9432217,test,MONK 2,1.0,1.0,,,,,,,,
ISIC_9435723,val,,,,test,MONK 5,4.0,4.0,val,,,
ISIC_9440773,train,,,,train,,,,train,,,
ISIC_9467758,val,,,,val,,,,val,,,
ISIC_9469643,val,,,,val,,,,,,,
ISIC_9472449,test,MONK 4,1.0,3.0,train,,,,train,,,
ISIC_9478940,train,,,,test,MONK 5,3.0,4.0,train,,,
ISIC_9480360,,,,,val,,,,,,,
ISIC_9490204,val,,,,train,,,,train,,,
ISIC_9523530,val,,,,train,,,,train,,,
ISIC_9534429,test,MONK 2,1.0,1.0,train,,,,train,,,
ISIC_9536867,train,,,,train,,,,train,,,
ISIC_9537742,val,,,,test,MONK 4,4.0,3.0,val,,,
ISIC_9538154,train,,,,train,,,,train,,,
ISIC_9543436,train,,,,train,,,,train,,,
ISIC_9544009,val,,,,train,,,,val,,,
ISIC_9545994,train,,,,train,,,,train,,,
ISIC_9546634,,,,,,,,,val,,,
ISIC_9554516,train,,,,train,,,,train,,,
ISIC_9557160,train,,,,train,,,,train,,,
ISIC_9568695,,,,,,,,,test,FITZPATRICK 4,5.0,3.0
ISIC_9572230,,,,,,,,,val,,,
ISIC_9581256,train,,,,val,,,,train,,,
ISIC_9592049,,,,,test,MONK 2,0.0,1.0,,,,
ISIC_9607948,test,MONK 2,1.0,1.0,test,MONK 2,0.0,1.0,val,,,
ISIC_9609878,train,,,,train,,,,test,FITZPATRICK 2,1.0,1.0
ISIC_9611501,train,,,,train,,,,val,,,
ISIC_9614996,train,,,,train,,,,val,,,
ISIC_9627873,,,,,test,MONK 3,2.0,2.0,test,FITZPATRICK 2,0.0,1.0
ISIC_9630912,train,,,,train,,,,train,,,
ISIC_9631621,train,,,,train,,,,test,FITZPATRICK 2,3.0,1.0
ISIC_9637949,test,MONK 3,2.0,2.0,,,,,test,FITZPATRICK 1,2.0,0.0
ISIC_9638117,train,,,,train,,,,train,,,
ISIC_9648547,train,,,,test,MONK 1,1.0,0.0,test,FITZPATRICK 1,0.0,0.0
ISIC_9649649,test,MONK 2,0.0,1.0,val,,,,val,,,
ISIC_9652281,test,MONK 6,5.0,5.0,val,,,,test,FITZPATRICK 6,4.0,5.0
ISIC_9653694,train,,,,train,,,,val,,,
ISIC_9655927,train,,,,train,,,,val,,,
ISIC_9658513,test,MONK 8,4.0,7.0,val,,,,test,FITZPATRICK 5,4.0,4.0
ISIC_9660351,test,MONK 8,4.0,7.0,train,,,,train,,,
ISIC_9668357,,,,,test,MONK 4,5.0,3.0,test,FITZPATRICK 4,4.0,3.0
ISIC_9671878,train,,,,test,MONK 3,3.0,2.0,val,,,
ISIC_9689821,train,,,,test,MONK 1,0.0,0.0,train,,,
ISIC_9692579,,,,,,,,,val,,,
ISIC_9693189,train,,,,train,,,,train,,,
ISIC_9698847,train,,,,test,MONK 1,0.0,0.0,train,,,
ISIC_9715765,test,MONK 6,5.0,5.0,,,,,,,,
ISIC_9719917,train,,,,train,,,,train,,,
ISIC_9722847,train,,,,train,,,,train,,,
ISIC_9739277,train,,,,train,,,,train,,,
ISIC_9761176,,,,,val,,,,,,,
ISIC_9779468,train,,,,train,,,,test,FITZPATRICK 2,1.0,1.0
ISIC_9790499,train,,,,test,MONK 3,2.0,2.0,train,,,
ISIC_9793133,test,MONK 8,7.0,7.0,train,,,,test,FITZPATRICK 6,5.0,5.0
ISIC_9805883,train,,,,train,,,,train,,,
ISIC_9809395,test,MONK 5,4.0,4.0,train,,,,train,,,
ISIC_9814808,train,,,,train,,,,test,FITZPATRICK 6,4.0,5.0
ISIC_9818060,train,,,,train,,,,test,FITZPATRICK 5,3.0,4.0
ISIC_9831382,test,MONK 4,2.0,3.0,train,,,,val,,,
ISIC_9832508,train,,,,train,,,,val,,,
ISIC_9843994,test,MONK 5,3.0,4.0,train,,,,train,,,
ISIC_9853377,,,,,test,MONK 4,2.0,3.0,,,,
ISIC_9856376,train,,,,train,,,,train,,,
ISIC_9860481,,,,,,,,,test,FITZPATRICK 5,4.0,4.0
ISIC_9870846,,,,,val,,,,,,,
ISIC_9878689,,,,,,,,,test,FITZPATRICK 1,2.0,0.0
ISIC_9914658,train,,,,train,,,,train,,,
ISIC_9924585,val,,,,val,,,,train,,,
ISIC_9926430,val,,,,,,,,,,,
ISIC_9926616,test,MONK 4,2.0,3.0,train,,,,test,FITZPATRICK 2,1.0,1.0
ISIC_9934884,test,MONK 6,6.0,5.0,test,MONK 7,6.0,6.0,val,,,
ISIC_9935162,,,,,,,,,test,FITZPATRICK 6,4.0,5.0
ISIC_9955936,test,MONK 2,3.0,1.0,train,,,,test,FITZPATRICK 3,3.0,2.0
ISIC_9969828,train,,,,val,,,,train,,,
ISIC_9981140,train,,,,train,,,,train,,,
ISIC_9986858,,,,,test,MONK 1,0.0,0.0,,,,
